user_key,user_id,user_name,email,registration_date,risk_profile,region_key
1,U0001,Jennifer Wright,lopeztina@poole.com,2024-10-17,High,4
2,U0002,Jennifer Lindsey,friley@gmail.com,2022-11-03,High,5
3,U0003,John Hutchinson,brooksscott@joseph.org,2022-05-16,Medium,9
4,U0004,Meagan Padilla,ryan04@leonard.info,2024-02-06,High,3
5,U0005,Debra Bryant,carolynfowler@hotmail.com,2023-06-25,High,9
6,U0006,Heather Cruz,rhonda27@hernandez.org,2023-01-20,High,3
7,U0007,Nancy Dean,nvasquez@fernandez.biz,2022-11-09,High,6
8,U0008,Rachel Taylor,amy31@chambers-matthews.net,2021-07-01,Low,4
9,U0009,Jennifer Smith,rodriguezkevin@lopez.info,2024-05-04,Medium,8
10,U0010,Michelle Brady,ygomez@arnold-hernandez.net,2021-08-30,Medium,1
11,U0011,Robert Palmer,lynn62@walton-warner.com,2021-08-06,Medium,2
12,U0012,Joshua Mcclure,brett27@kim.com,2022-10-05,Medium,2
13,U0013,Brad Stuart,josebaker@gmail.com,2023-01-06,Medium,6
14,U0014,Robert Fletcher,sandersjohn@bowen-sanchez.com,2021-08-22,Low,4
15,U0015,Ivan Elliott,rebecca05@gmail.com,2022-06-23,Low,9
16,U0016,Damon Keith,moranmichael@gmail.com,2020-11-06,High,7
17,U0017,Laura Scott,earnold@kim-pace.com,2023-02-23,High,5
18,U0018,Geoffrey Sherman,toddmorris@blake.com,2024-06-26,Medium,7
19,U0019,Joyce Mcclain,joshuawhitney@mills-le.com,2020-11-17,High,9
20,U0020,Blake Smith,carolgriffith@stephenson.com,2023-09-12,Medium,6
21,U0021,Matthew Gutierrez,mcguiremark@gmail.com,2023-11-23,Low,7
22,U0022,Vicki Moore,aflores@carpenter.com,2025-09-21,Medium,5
23,U0023,Robert Holmes,nhunter@may.com,2021-01-13,High,7
24,U0024,Tina Clarke,jamesfry@yahoo.com,2020-12-14,Low,3
25,U0025,Cassidy Moore,ryanhuerta@gmail.com,2021-03-27,Medium,8
26,U0026,Lawrence Cole,tadams@smith-hudson.com,2023-11-13,Low,1
27,U0027,Holly Rodriguez,sherry10@yahoo.com,2024-01-01,Low,7
28,U0028,Roberto Morrow,dwest@johnson.net,2025-06-08,High,3
29,U0029,Jennifer Barrett,osbornecarrie@stanley.info,2022-07-18,Medium,7
30,U0030,Amy Hernandez,ramosjoshua@marquez.com,2022-02-07,High,3
31,U0031,Matthew Lang,lauren32@adams-bennett.org,2021-07-24,High,7
32,U0032,Taylor Hill,bradley72@vaughan-bryant.info,2022-11-15,High,3
33,U0033,Brandy Blackburn,daniellecunningham@yahoo.com,2025-07-04,High,7
34,U0034,Monica Pugh,kevinodonnell@green.net,2024-08-10,High,4
35,U0035,Robert Dougherty,vgreer@ross-brooks.com,2022-06-18,High,4
36,U0036,Wendy Scott,tinascott@gmail.com,2022-10-02,Low,8
37,U0037,Nathan Edwards,jennifer43@yahoo.com,2021-06-23,Medium,9
38,U0038,Michael Smith,gregorylopez@schmidt-downs.org,2021-08-23,Low,4
39,U0039,Gina Butler,john27@owens-howard.org,2021-10-12,Medium,8
40,U0040,Stacey Finley,barkerjean@gmail.com,2024-07-25,High,8
41,U0041,Adam Burnett,christianhuber@yahoo.com,2022-07-20,Medium,5
42,U0042,Erik Torres,jennifersanchez@hamilton.com,2024-06-05,Low,7
43,U0043,Ashley Wilson,smithryan@cisneros-clark.info,2022-03-02,High,9
44,U0044,Nathaniel Taylor Jr.,jessemartinez@white.com,2025-03-31,Low,4
45,U0045,Lindsay Boyer,ramospaul@yahoo.com,2024-09-01,Low,4
46,U0046,Darrell Smith,jose33@ray.com,2025-03-13,High,3
47,U0047,Gail Avila,jaimehall@robles-walters.biz,2021-07-02,Low,5
48,U0048,James Robinson,gwright@stone.com,2022-09-14,Low,8
49,U0049,Angela Duncan,edward89@parsons.biz,2022-11-09,High,2
50,U0050,Monica Walker,tammypratt@hotmail.com,2021-11-10,Low,7
51,U0051,Jordan Taylor,smallapril@yahoo.com,2021-04-23,High,6
52,U0052,Tony Taylor,harrisonstephanie@gmail.com,2024-05-01,High,4
53,U0053,Carlos Anderson,rbrown@melton.com,2025-05-18,Low,5
54,U0054,Anthony Owens,cynthia37@fisher-alvarez.info,2025-03-09,Low,9
55,U0055,Matthew Harvey,krichards@rodriguez-hernandez.com,2025-01-19,Low,1
56,U0056,David Pacheco,brad75@gmail.com,2022-06-05,High,5
57,U0057,Tara Montes,matthew91@hotmail.com,2025-07-05,Medium,6
58,U0058,Christopher Avery,qmiddleton@gmail.com,2022-05-19,Medium,5
59,U0059,Victoria Reynolds,dustin53@yahoo.com,2023-07-26,Medium,3
60,U0060,Paul Pierce,john18@johnson.com,2025-09-09,Low,1
61,U0061,Billy Harding,meganchen@johnson.com,2024-05-17,High,4
62,U0062,Dylan Pena,mark45@gmail.com,2024-04-22,Low,4
63,U0063,Mary Taylor,cturner@anderson.com,2021-06-04,Low,5
64,U0064,Amy Malone,boothalec@yahoo.com,2022-07-08,High,7
65,U0065,Michael Boone,jamesmacdonald@gmail.com,2022-09-17,Low,5
66,U0066,Olivia Garcia,ycook@davila.com,2024-02-10,Medium,5
67,U0067,Evan Reed,akelley@cardenas.net,2024-01-17,Low,6
68,U0068,Luis Mercer,priceashley@henry.com,2021-09-24,Medium,8
69,U0069,Cody Mann,woodsteven@gmail.com,2024-03-27,High,1
70,U0070,Brian Griffin,zkelley@gmail.com,2021-03-07,Medium,9
71,U0071,Crystal Martinez,ashleyrodriguez@yahoo.com,2024-04-04,Low,9
72,U0072,James Hobbs,brandon74@anderson.net,2021-06-29,Low,6
73,U0073,Lawrence Davenport,meganknox@porter-johnson.com,2022-01-13,High,5
74,U0074,Stephen Cannon,savagealexander@ford.info,2022-08-10,Medium,4
75,U0075,Robert Lee,tperry@perry.com,2024-12-19,Low,3
76,U0076,Tracy Sandoval,melaniereed@yahoo.com,2022-06-04,Low,7
77,U0077,Ashley Lopez,david56@johnson.com,2025-09-15,Medium,5
78,U0078,Kayla Dunn,mikehubbard@simmons-hughes.com,2025-06-10,High,6
79,U0079,Matthew Hicks,charles44@hotmail.com,2022-04-23,High,4
80,U0080,Lisa Johnson,johnsonderek@hernandez-arroyo.org,2025-10-29,Low,6
81,U0081,Anthony Bryant,pamela88@hotmail.com,2022-09-12,High,1
82,U0082,Tracy Anderson,tarajefferson@hotmail.com,2024-01-05,Low,1
83,U0083,Debbie Charles,zwilliams@gmail.com,2025-06-13,Low,5
84,U0084,Edgar Cruz,john30@hotmail.com,2023-06-17,Low,3
85,U0085,Veronica Marshall,jlittle@thompson.com,2024-08-02,High,5
86,U0086,Mary Hall,stephanie12@murray.biz,2025-06-19,Low,4
87,U0087,Robert Roman,joseph59@yahoo.com,2023-10-05,Medium,1
88,U0088,Daniel Harrell,george23@yahoo.com,2022-04-19,Medium,7
89,U0089,Kenneth Evans,dhoffman@moore.com,2024-12-09,Medium,4
90,U0090,Charles Moore,gary76@owens.net,2021-04-03,Low,1
91,U0091,Alicia Knight,ylane@jacobs.com,2022-12-24,Medium,6
92,U0092,Michelle Nunez,johnmcguire@hotmail.com,2021-10-19,High,6
93,U0093,Kenneth Velez,lewisjames@hotmail.com,2025-03-28,Medium,4
94,U0094,Christian Palmer,licarrie@miller.info,2024-05-05,Low,3
95,U0095,Jacob Tanner,vmartin@terrell.org,2024-03-17,Low,9
96,U0096,Emily Nelson,ambermeadows@thomas.biz,2024-11-17,Medium,5
97,U0097,Benjamin Barber,rojasscott@gonzalez.com,2023-04-12,High,6
98,U0098,Sara Townsend,melissa51@yahoo.com,2025-09-23,Low,9
99,U0099,Jared Day,pgrimes@hotmail.com,2024-07-14,High,2
100,U0100,Tanya Bishop,morganrojas@yahoo.com,2025-03-11,Low,1
101,U0101,Carlos Brown,kathleenmoore@yahoo.com,2022-11-24,High,5
102,U0102,Eric Serrano,cynthiahendrix@downs.com,2023-01-11,High,8
103,U0103,Julia Johnson,brittany56@yahoo.com,2023-07-30,Low,2
104,U0104,Noah Allen,daniel69@owens-baker.biz,2024-04-20,Medium,1
105,U0105,Teresa Roy,joyce60@payne.org,2023-05-30,Low,1
106,U0106,Tina Thompson,qhansen@leonard.com,2021-08-31,High,4
107,U0107,Donald Matthews,aroberts@king.com,2025-04-04,High,5
108,U0108,Rachel Mcpherson,robertrobertson@gmail.com,2023-05-10,Low,8
109,U0109,Connie Gates,joseph61@gmail.com,2022-07-11,Medium,3
110,U0110,Christopher Walker,kennethmurphy@gmail.com,2024-09-22,High,9
111,U0111,Susan Mendoza,marvinbrown@smith.com,2024-08-31,High,1
112,U0112,Melissa Jones,woodkelsey@roberts.com,2025-09-01,High,9
113,U0113,Jacqueline Carlson,michelle36@martin.com,2025-10-15,Medium,5
114,U0114,Lindsay Kelly,lawsonchristopher@gmail.com,2023-07-23,Low,3
115,U0115,Elizabeth Mcguire,eugenelewis@harris.com,2020-12-13,Low,2
116,U0116,Mark Gutierrez,hsimmons@gmail.com,2022-03-05,Low,7
117,U0117,Larry Herman,sharrington@yahoo.com,2024-07-12,High,8
118,U0118,Kenneth Watkins,brownsarah@gmail.com,2023-01-26,Low,6
119,U0119,Kristen Owens,timothy76@yahoo.com,2021-06-20,High,6
120,U0120,Robert Shelton,scottchristopher@yahoo.com,2025-01-26,Low,4
121,U0121,Samuel Roberts,paulsims@gmail.com,2022-12-16,Low,6
122,U0122,Amy Martin,whitetimothy@yahoo.com,2024-08-17,Low,7
123,U0123,Carol Larson,gomezdaniel@jackson-osborne.info,2021-05-11,High,9
124,U0124,Lance Schroeder,alexander70@hotmail.com,2022-08-14,Low,4
125,U0125,Matthew York,davishannah@gmail.com,2023-06-20,High,6
126,U0126,Kristen Williams,tatkins@moore-duke.com,2024-11-09,Low,8
127,U0127,Mikayla Lane,kiddbarbara@jones-peck.org,2023-08-17,Low,3
128,U0128,Daniel Meadows,theresathompson@reyes.biz,2021-01-23,Medium,3
129,U0129,Joshua Soto,lwood@williams-williams.com,2025-06-10,High,7
130,U0130,Jordan White,charles42@hotmail.com,2024-12-24,High,6
131,U0131,Harold Anthony MD,prangel@espinoza.org,2021-12-08,High,4
132,U0132,Amy Mitchell,mendozaerica@yahoo.com,2025-05-21,Low,7
133,U0133,Cassandra Hensley,jacqueline99@thomas.com,2024-07-04,Low,6
134,U0134,Douglas Huff,fritzmatthew@smith.org,2025-06-29,Low,1
135,U0135,Paul Herrera,douglasandrew@larson.com,2020-12-19,Medium,1
136,U0136,Emily Anderson,madisonclay@hotmail.com,2021-05-12,Medium,4
137,U0137,Laurie Wilkerson,carol07@yahoo.com,2021-01-02,High,2
138,U0138,Daniel Cruz,kevinbrock@logan.org,2022-11-06,High,1
139,U0139,Brian Watkins,vsparks@yahoo.com,2025-07-06,High,7
140,U0140,Brittney Villarreal,campbellashley@hotmail.com,2024-04-15,High,5
141,U0141,Randy Nguyen,ymays@wilson.com,2021-08-11,High,1
142,U0142,Kevin Rios,zdudley@allen.com,2023-08-11,High,5
143,U0143,Autumn Johnson,melissa82@ortiz.com,2024-07-15,Medium,7
144,U0144,Bonnie Watkins,zacharysummers@hotmail.com,2021-11-06,Medium,2
145,U0145,Denise Jones,curtis57@butler-hicks.com,2023-01-19,Low,7
146,U0146,Manuel Wilson,eric56@jones.biz,2025-10-10,Low,2
147,U0147,Kevin Hill,diana79@jackson-simon.com,2025-10-15,High,4
148,U0148,Daniel Thomas,jjenkins@martin.org,2022-01-09,Medium,4
149,U0149,Christopher Taylor,michael84@gmail.com,2023-10-26,Low,8
150,U0150,Brittany Woods,angelvasquez@hotmail.com,2021-01-07,High,3
151,U0151,Timothy Thomas,patricianguyen@owens.com,2022-05-31,Medium,5
152,U0152,Jodi Hayes DDS,yhancock@mullins.biz,2021-06-06,High,5
153,U0153,Preston Bell,maysheather@edwards.org,2024-06-07,High,3
154,U0154,Richard Holt,jshaffer@hotmail.com,2024-08-18,Medium,6
155,U0155,James Allen,maureen60@scott-white.com,2024-04-24,Low,6
156,U0156,Joshua Williams,calebdavis@davila-olson.com,2022-02-03,High,2
157,U0157,Krystal Meyer,jessica79@bowman.com,2021-06-05,Low,7
158,U0158,Teresa Willis,christopher68@gmail.com,2021-08-08,High,8
159,U0159,David Cross,martinjeremiah@henderson-reed.com,2024-02-09,High,9
160,U0160,Amy Vargas,kimberlybishop@powers.info,2023-08-10,High,5
161,U0161,Jessica Spence,tiffanylin@yahoo.com,2021-05-22,Low,3
162,U0162,Nathaniel Alvarez,dmendoza@gmail.com,2022-03-09,Low,8
163,U0163,Betty Pope,fisherchristine@sims-velez.net,2021-01-16,Medium,6
164,U0164,Kelly Pena,tparsons@henderson.com,2025-08-16,Low,8
165,U0165,Angel Deleon,danielconway@richmond.com,2023-12-28,Low,8
166,U0166,Kimberly Torres,jessicapeterson@meyer.com,2025-01-25,Low,5
167,U0167,Valerie Phelps,xgillespie@yahoo.com,2023-12-17,Low,4
168,U0168,Martin Snyder,perezdenise@hotmail.com,2023-01-11,Medium,6
169,U0169,Cory Calhoun,leejustin@gmail.com,2025-07-02,Low,3
170,U0170,Michael Atkinson,nelsonkristina@yahoo.com,2023-06-10,Medium,1
171,U0171,Cynthia Flores,cody15@gmail.com,2022-08-07,High,4
172,U0172,Chloe Lopez,coffeybarbara@yahoo.com,2025-02-18,Medium,5
173,U0173,Lori Friedman,andrewstout@carter-perry.com,2022-09-22,Low,1
174,U0174,Adrian Adams,matthewmiranda@walker-smith.com,2021-06-15,Low,6
175,U0175,Jose Palmer,edward60@miller.net,2023-09-15,Medium,8
176,U0176,Joy Peterson,michael22@hotmail.com,2023-06-23,Low,9
177,U0177,Loretta Simmons,normankim@graham.org,2025-07-29,High,7
178,U0178,Kevin Lucas,ogrant@hunter.org,2023-12-28,Medium,9
179,U0179,Cindy Raymond,williamlee@gmail.com,2024-04-13,High,4
180,U0180,Kathryn Baker,ferickson@page.com,2022-03-11,Low,5
181,U0181,Steven Turner,kevinwalker@pham-alvarez.com,2023-11-08,Medium,9
182,U0182,Kimberly Vega,mendezmatthew@smith.net,2023-12-30,Medium,8
183,U0183,Michael Meyer,lyoung@cohen-aguilar.com,2024-03-04,Low,6
184,U0184,Mr. Steven Palmer,ucastillo@hotmail.com,2024-11-13,Low,9
185,U0185,Robert Finley,austinmoyer@wells.org,2022-07-30,High,1
186,U0186,Jason Miller,cromero@chandler-jackson.org,2023-10-25,Low,8
187,U0187,Michael Lopez,aprilgilmore@gmail.com,2024-01-24,Medium,2
188,U0188,Lisa Brown,xoliver@cox.com,2021-10-10,Low,5
189,U0189,Sarah Brown,davissteven@hotmail.com,2021-01-05,High,8
190,U0190,Elizabeth Adams,christopherjones@hotmail.com,2024-05-27,High,2
191,U0191,Pam Bishop,andrew84@hotmail.com,2023-03-30,Medium,2
192,U0192,James Thomas,lisa72@colon.com,2022-11-08,High,8
193,U0193,Sheila Allen,rwilson@rodriguez-garza.com,2021-09-05,Medium,5
194,U0194,Sara Scott,ohardin@yahoo.com,2023-05-08,Medium,8
195,U0195,Daniel Smith,jgarcia@gmail.com,2021-04-18,Medium,4
196,U0196,Jeffery Johnson,desiree11@hansen.org,2023-08-16,Low,7
197,U0197,Margaret Brown,kathryn56@horn.com,2024-05-20,High,2
198,U0198,Brandon Zavala,tbradford@brown-curry.info,2024-03-08,Medium,2
199,U0199,Johnny Freeman,pmurphy@hotmail.com,2020-12-02,Low,5
200,U0200,Sherry Hudson,brauntina@hill.com,2021-02-28,High,8
201,U0201,John Pearson,keithmcdowell@gmail.com,2023-06-06,High,5
202,U0202,Denise Woodward,henrychristine@pierce.com,2022-12-14,High,9
203,U0203,Rachel Hernandez,bethallison@brown.com,2024-05-23,High,9
204,U0204,Stephanie Terry,sullivankathy@kennedy-garcia.com,2021-09-15,Low,3
205,U0205,Luis Gould,kristaking@yahoo.com,2025-09-27,Low,9
206,U0206,Brittany Sharp,derek26@thompson.net,2021-04-18,Low,8
207,U0207,Mark Wade,wwarren@hotmail.com,2021-09-19,Medium,9
208,U0208,Elizabeth Baker,ccoleman@clark.com,2021-01-25,High,9
209,U0209,Jessica Smith,lopezmary@gmail.com,2025-02-19,Low,3
210,U0210,Cynthia Martin,pscott@carroll.org,2024-09-12,High,2
211,U0211,Zachary Bishop,steven89@hotmail.com,2025-03-08,High,1
212,U0212,Catherine Floyd,fmckee@yahoo.com,2023-03-08,High,3
213,U0213,Heather Ross,vjohnson@hotmail.com,2024-07-12,Medium,1
214,U0214,Stephanie Ramos,joshuaphillips@hotmail.com,2024-11-06,High,9
215,U0215,Charles Boyer,robert51@nelson-hernandez.com,2021-03-24,Low,8
216,U0216,Tamara Copeland,uandrews@yahoo.com,2023-09-20,High,1
217,U0217,Kevin Atkinson,michaellopez@perez.org,2025-08-10,High,5
218,U0218,Nicole Anderson,tammywright@gmail.com,2024-10-29,High,1
219,U0219,Laura Mack,michaelbernard@gmail.com,2021-06-24,High,6
220,U0220,Michael Daniel,edwinshaw@gmail.com,2025-11-05,Low,7
221,U0221,Sarah Burgess,vmcintyre@hotmail.com,2023-07-19,High,7
222,U0222,Anna Rivers,william53@gmail.com,2025-06-16,Low,3
223,U0223,Christopher Ruiz,zachary65@hotmail.com,2023-01-16,Medium,8
224,U0224,Kristin Stone,justin15@gmail.com,2024-02-21,High,9
225,U0225,Michael Hayes,paulbrown@hotmail.com,2023-09-19,High,5
226,U0226,Steven Malone,jameshernandez@gomez.com,2021-01-02,Medium,1
227,U0227,Michael Cole,carrollstephanie@yahoo.com,2024-07-26,Medium,6
228,U0228,Susan Fleming,kimberly27@aguilar.com,2024-09-27,Medium,3
229,U0229,Charles Thomas,rebecca96@hall.net,2022-07-24,Low,9
230,U0230,Marie Brown DDS,efields@hotmail.com,2021-09-07,Low,1
231,U0231,William Stewart,richardmccarthy@yahoo.com,2022-09-16,Low,4
232,U0232,Sara Hill,dylanwhite@york.net,2022-10-13,High,5
233,U0233,Amber Summers,lmorris@garner.com,2025-03-26,Medium,9
234,U0234,Tammy Hartman,donaldmiller@hernandez.org,2021-01-29,Medium,9
235,U0235,Phillip Lewis,lynn46@mills-walls.com,2023-03-17,High,6
236,U0236,Danielle Martin,sherry66@barron.org,2024-05-30,Medium,1
237,U0237,Wesley Phillips,cynthia06@garrett.com,2021-11-12,Medium,9
238,U0238,Charles Avila,romeroterri@hotmail.com,2023-12-29,Low,7
239,U0239,Susan Mendez,wellsbradley@murray-gross.com,2020-12-03,Low,6
240,U0240,Anne Reid,mary29@hotmail.com,2021-06-19,Medium,7
241,U0241,Christopher Steele,coreywood@ramirez.com,2023-12-26,Low,8
242,U0242,Sheri Sanchez,kfitzpatrick@burke-bell.com,2021-12-11,Medium,7
243,U0243,Michael Frederick,jeffersonkiara@wells.com,2020-11-23,Medium,8
244,U0244,Colleen Graham,rogerschristine@thomas-diaz.com,2025-02-24,Medium,8
245,U0245,William Martin,davidsharp@gmail.com,2025-05-11,Low,1
246,U0246,Cole Reyes,levinekevin@hotmail.com,2022-04-21,Low,1
247,U0247,Taylor Gonzalez,lauren35@rodriguez-cook.com,2025-08-25,High,8
248,U0248,Tina Briggs,mhudson@yahoo.com,2021-02-03,Low,7
249,U0249,Kristin Munoz,nicholassantana@williams.biz,2021-04-09,Low,3
250,U0250,Trevor Davis,michaelbenton@hayes-johnson.net,2024-10-08,Medium,5
251,U0251,Heather Sandoval,davidreed@chen.com,2023-07-08,Low,7
252,U0252,Stephen Harris,thomas69@gmail.com,2024-10-29,Medium,2
253,U0253,David Wilson,thomassloan@wise.com,2022-04-16,Low,1
254,U0254,Mr. Bobby Robinson,joelhahn@gmail.com,2023-03-12,Low,9
255,U0255,Patricia Rivera,allisonacevedo@oconnell.org,2021-06-14,High,4
256,U0256,Stephanie Bright,erika56@yahoo.com,2024-01-30,High,9
257,U0257,Charlotte Taylor,samuel69@yahoo.com,2023-01-14,Medium,9
258,U0258,Sarah Conner,tuckermonique@yahoo.com,2022-11-16,High,2
259,U0259,Sandra Turner,ebecker@vargas-hernandez.info,2024-09-08,High,5
260,U0260,Joseph Cannon,pecklinda@gmail.com,2023-09-11,High,6
261,U0261,Eileen Gregory,wfranklin@yahoo.com,2021-09-10,High,5
262,U0262,Brandon Medina,velasquezmelissa@tanner.net,2021-01-26,Medium,1
263,U0263,Miguel Kim,orozconicole@hotmail.com,2022-02-14,Medium,7
264,U0264,Matthew Gallegos,mark53@hotmail.com,2021-03-30,High,4
265,U0265,Kelly Hansen,michelle97@smith-horn.biz,2023-09-27,Low,9
266,U0266,Sarah Gonzalez,christopheranderson@gmail.com,2021-08-14,Medium,5
267,U0267,Lindsay Lee,bonnie27@gmail.com,2021-06-25,Low,1
268,U0268,Michael Brown,cody50@hotmail.com,2025-07-21,Medium,1
269,U0269,Sara Moss,dorothyarnold@torres.com,2022-05-06,High,9
270,U0270,David Pierce,carljohnson@hotmail.com,2025-03-12,Low,7
271,U0271,Edwin Guzman,nellison@lin.net,2023-01-10,Medium,9
272,U0272,Aaron Freeman,william76@howard.info,2023-12-07,Low,2
273,U0273,Alexandra Rogers,crystal76@hotmail.com,2025-04-16,High,3
274,U0274,Dakota Williams,anthonymoore@frazier.com,2022-10-30,High,1
275,U0275,Michael Anderson,leestacey@gmail.com,2022-05-21,High,5
276,U0276,Tony Kim,jim00@gmail.com,2021-11-23,High,8
277,U0277,Anne Martin,brian04@hotmail.com,2024-02-22,High,6
278,U0278,Kristin Ward,cjackson@yahoo.com,2024-09-09,Low,1
279,U0279,Christina Frazier,christinetaylor@wilson.com,2025-04-25,High,5
280,U0280,Kevin Shaw,cohenpatricia@miller-clark.info,2022-09-14,Low,4
281,U0281,James Hoffman,gabriel17@hudson.org,2024-03-08,Medium,6
282,U0282,William Nelson,tiffany86@roth.com,2025-06-26,Low,4
283,U0283,Alyssa Price,nanderson@yahoo.com,2022-12-13,Low,3
284,U0284,Katherine Kim,raymondkristen@juarez.org,2022-10-26,Low,9
285,U0285,Tyler Gomez,theresawhitaker@mckenzie-gonzales.biz,2024-01-21,High,9
286,U0286,Joshua Woods,brandon03@yahoo.com,2021-11-26,Medium,3
287,U0287,Charles Swanson MD,xmorales@ramirez.com,2022-12-21,High,9
288,U0288,Nicholas Green,agill@hotmail.com,2021-01-24,High,8
289,U0289,Doris Lewis,gregory78@barnett.info,2021-06-26,High,5
290,U0290,James Schroeder,markestes@hotmail.com,2023-06-15,Medium,6
291,U0291,Christopher Cameron,gking@cooper.com,2021-08-01,Low,5
292,U0292,Christopher Ray,rgould@gmail.com,2023-04-05,High,7
293,U0293,Jacob Evans,nholder@yahoo.com,2022-12-09,Medium,2
294,U0294,Denise Vincent,parkerbender@powell-faulkner.com,2025-05-29,Medium,5
295,U0295,Jordan Tanner,robertwilliams@lambert-johnson.net,2025-05-16,Low,3
296,U0296,Joel Brown,abigailgarcia@gmail.com,2023-01-24,Low,5
297,U0297,Tony Robinson,burkeanthony@wiley-jones.com,2022-10-02,High,5
298,U0298,Edwin Hill,hmacias@rodriguez-carrillo.net,2023-09-23,Medium,8
299,U0299,Christopher Hernandez,heatheraustin@yahoo.com,2023-01-27,Medium,5
300,U0300,Janet Cook,zgutierrez@ortiz.com,2021-03-15,Low,3
