TradeKey,UserKey,AssetSymbol,AssetType,TradeDate,TradeType,Quantity,PriceUSD,TotalUSD,Exchange,Region
1,20,SOL,Crypto,2024-04-02,BUY,45.803,40057.15,1834737.64,Coinbase,Asia
2,15,AAPL,Stock,2020-09-02,BUY,29.952,364.71,10923.79,NASDAQ,Asia
3,5,USDC,Crypto,2020-02-17,BUY,3.525,49922.3,175976.11,Coinbase,Asia
4,12,TRX,Crypto,2022-09-17,BUY,33.804,50057,1692126.83,Coinbase,Asia
5,15,ETH,Crypto,2024-07-18,SELL,4.085,21443.74,87597.68,NYSE,Asia
6,1,GOOGL,Stock,2021-12-31,SELL,5.273,1051.17,5542.82,NASDAQ,Asia
7,13,DOGE,Crypto,2020-02-05,SELL,33.772,31907.68,1077586.17,Coinbase,USA
8,18,LINK,Crypto,2024-10-15,SELL,22.47,45406.69,1020288.32,NYSE,Asia
9,13,USDC,Crypto,2024-03-29,SELL,34.338,35757.93,1227855.8,NYSE,USA
10,14,LTC,Crypto,2022-02-04,SELL,3.459,31574.32,109215.57,Binance,Asia
11,7,SOL,Crypto,2022-02-20,SELL,44.406,35131.66,1560056.49,NYSE,USA
12,13,AMZN,Stock,2021-03-19,SELL,3.317,1143.19,3791.96,Coinbase,USA
13,2,AMZN,Stock,2024-09-28,SELL,7.094,228.31,1619.63,Kraken,Asia
14,10,TSLA,Stock,2022-09-17,SELL,42.046,195.33,8212.85,NYSE,Asia
15,8,LTC,Crypto,2021-10-05,SELL,6.781,48299.56,327519.32,NASDAQ,USA
16,3,AMZN,Stock,2023-11-15,SELL,1.27,348.41,442.48,NYSE,Asia
17,2,BNB,Crypto,2021-09-06,SELL,49.631,24832.39,1232456.35,NASDAQ,Asia
18,5,GOOGL,Stock,2023-03-31,BUY,10.13,1482.41,15016.81,Kraken,Asia
19,3,USDC,Crypto,2021-02-10,BUY,5.442,40953.88,222871.01,NASDAQ,Asia
20,16,TRX,Crypto,2022-07-21,BUY,13.39,46232.87,619058.13,Kraken,Asia
21,3,TRX,Crypto,2020-10-20,BUY,15.303,1427.84,21850.24,NASDAQ,Asia
22,11,ETH,Crypto,2023-10-11,BUY,8.878,53475.19,474752.74,Coinbase,Asia
23,1,BTC,Crypto,2022-07-04,SELL,14.233,15342.83,218374.5,Coinbase,Asia
24,15,XRP,Crypto,2024-01-13,SELL,47.27,12395.29,585925.36,NYSE,Asia
25,20,LINK,Crypto,2021-05-19,SELL,20.064,51314.7,1029578.14,Binance,Asia
26,9,BNB,Crypto,2023-08-09,BUY,15.755,36372.94,573055.67,Coinbase,Asia
27,10,USDC,Crypto,2020-12-30,BUY,27.429,42910.14,1176982.23,Coinbase,Asia
28,18,BTC,Crypto,2023-03-03,BUY,1.106,7974.8,8820.13,Coinbase,Asia
29,19,USDC,Crypto,2020-04-16,BUY,25.939,47296.95,1226835.59,NASDAQ,USA
30,4,ETH,Crypto,2024-07-24,BUY,14.471,37512.69,542846.14,Coinbase,Asia
31,18,LTC,Crypto,2023-03-21,BUY,3.557,54314.38,193196.25,Kraken,Asia
32,2,AMZN,Stock,2020-11-05,SELL,6.351,1988.62,12629.73,Coinbase,Asia
33,14,MSFT,Stock,2023-02-01,BUY,30.861,1385.02,42743.1,Coinbase,Asia
34,5,ETH,Crypto,2020-01-06,BUY,3.746,19184.11,71863.68,Binance,Asia
35,15,AAPL,Stock,2024-04-18,BUY,21.394,668.03,14291.83,Coinbase,Asia
36,16,GOOGL,Stock,2021-05-13,SELL,45.668,796.97,36396.03,Coinbase,Asia
37,1,BTC,Crypto,2024-09-01,BUY,48.76,52000.21,2535530.24,Kraken,Asia
38,11,DOGE,Crypto,2022-09-19,BUY,38.626,50348.06,1944744.17,Binance,Asia
39,1,TSLA,Stock,2023-05-29,SELL,9.839,1731.61,17037.31,Kraken,Asia
40,6,SOL,Crypto,2022-02-10,SELL,24.682,4402.23,108655.84,NASDAQ,Asia
41,1,BNB,Crypto,2023-09-24,SELL,25.905,35138.41,910260.51,Coinbase,Asia
42,5,LINK,Crypto,2020-08-01,BUY,31.912,3854.34,122999.7,Kraken,Asia
43,7,MSFT,Stock,2023-12-02,BUY,12.676,1318.07,16707.86,NYSE,USA
44,4,MSFT,Stock,2020-10-02,SELL,2.334,804.63,1878.01,NASDAQ,Asia
45,9,AAPL,Stock,2020-04-09,BUY,24.565,297.22,7301.21,NYSE,Asia
46,18,LINK,Crypto,2024-04-18,BUY,28.762,25708.69,739433.34,Kraken,Asia
47,17,TRX,Crypto,2020-07-07,SELL,34.428,1482.48,51038.82,Kraken,Asia
48,9,BNB,Crypto,2024-09-10,BUY,33.45,30733.95,1028050.63,Kraken,Asia
49,3,XRP,Crypto,2020-10-12,SELL,32.176,23139.77,744545.24,Kraken,Asia
50,19,LTC,Crypto,2022-01-19,SELL,41.175,51897.53,2136880.8,NASDAQ,USA
51,19,AMZN,Stock,2024-10-08,BUY,8.475,1610.72,13650.85,NYSE,USA
52,20,MSFT,Stock,2022-04-01,SELL,36.959,218.22,8065.19,Coinbase,Asia
53,4,BNB,Crypto,2021-07-03,SELL,13.044,39837.22,519636.7,Kraken,Asia
54,11,XRP,Crypto,2020-08-25,SELL,42.481,4446.95,188910.88,Binance,Asia
55,5,AAPL,Stock,2021-07-25,BUY,25.288,545.74,13800.67,Binance,Asia
56,2,USDC,Crypto,2020-05-16,SELL,13.222,39992,528774.22,Coinbase,Asia
57,20,MSFT,Stock,2020-03-18,BUY,35.784,1360.1,48669.82,Binance,Asia
58,1,ETH,Crypto,2024-01-17,BUY,32.489,27352.74,888663.17,Kraken,Asia
59,6,MSFT,Stock,2021-12-07,SELL,5.211,967.3,5040.6,Binance,Asia
60,20,TRX,Crypto,2023-01-08,SELL,0.937,47596.51,44597.93,NYSE,Asia
61,14,BNB,Crypto,2024-04-20,BUY,2.888,48915.36,141267.56,NYSE,Asia
62,7,USDC,Crypto,2020-02-15,SELL,36.726,23161.98,850646.88,NASDAQ,USA
63,16,TSLA,Stock,2022-08-25,SELL,21.857,298.48,6523.88,NASDAQ,Asia
64,9,AMZN,Stock,2023-05-13,SELL,3.248,1211.7,3935.6,Kraken,Asia
65,7,DOGE,Crypto,2022-09-06,BUY,5.643,33705,190197.32,NASDAQ,USA
66,18,BTC,Crypto,2023-06-08,SELL,27.712,26297.99,728769.9,Coinbase,Asia
67,1,ETH,Crypto,2021-05-22,BUY,48.555,45475.09,2208042.99,Binance,Asia
68,6,GOOGL,Stock,2022-04-07,BUY,24.784,1120.35,27766.75,Coinbase,Asia
69,17,LINK,Crypto,2020-10-28,SELL,15.29,1563.81,23910.65,NYSE,Asia
70,1,USDC,Crypto,2023-07-06,BUY,2.674,40180.76,107443.35,Binance,Asia
71,18,AMZN,Stock,2024-07-16,BUY,38.529,1024.65,39478.74,NYSE,Asia
72,1,GOOGL,Stock,2020-08-14,BUY,28.004,1736.3,48623.35,NYSE,Asia
73,8,MSFT,Stock,2023-01-31,SELL,2.001,129.21,258.55,Coinbase,USA
74,8,XRP,Crypto,2022-09-26,SELL,24.341,51113.95,1244164.66,Binance,USA
75,20,SOL,Crypto,2023-08-14,BUY,35.36,23052.04,815120.13,NASDAQ,Asia
76,20,MSFT,Stock,2022-08-10,SELL,5.49,1708.02,9377.03,Coinbase,Asia
77,8,TRX,Crypto,2021-05-01,BUY,7.419,9080.61,67369.05,Kraken,USA
78,1,BNB,Crypto,2024-03-06,SELL,49.909,22343.95,1115164.2,Kraken,Asia
79,13,SOL,Crypto,2021-10-18,BUY,47.589,13312.24,633516.19,NASDAQ,USA
80,9,AAPL,Stock,2023-07-26,BUY,36.499,1427.19,52091.01,NASDAQ,Asia
81,2,MSFT,Stock,2021-08-13,SELL,31.842,622.84,19832.47,NASDAQ,Asia
82,7,DOGE,Crypto,2024-09-19,BUY,20.743,21887.12,454004.53,NYSE,USA
83,18,USDC,Crypto,2021-06-12,SELL,26.047,49068.52,1278087.74,Kraken,Asia
84,13,MSFT,Stock,2023-04-15,BUY,18.876,1367.65,25815.76,Binance,USA
85,11,MSFT,Stock,2024-08-08,SELL,41.551,303.16,12596.6,NASDAQ,Asia
86,13,XRP,Crypto,2022-04-18,SELL,36.371,57794.51,2102044.12,Binance,USA
87,19,BNB,Crypto,2021-07-20,SELL,22.748,55786.4,1269029.03,NYSE,USA
88,13,AAPL,Stock,2022-04-15,SELL,13.112,1800.09,23602.78,Kraken,USA
89,16,TSLA,Stock,2021-10-18,SELL,9.01,378.11,3406.77,Binance,Asia
90,1,LINK,Crypto,2023-10-02,SELL,47.905,36896.83,1767542.64,NYSE,Asia
91,6,DOGE,Crypto,2021-09-13,SELL,42.227,53658.77,2265848.88,NYSE,Asia
92,2,SOL,Crypto,2023-07-06,SELL,4.123,17739.61,73140.41,Kraken,Asia
93,7,USDC,Crypto,2024-02-07,SELL,5.835,38802.32,226411.54,Kraken,USA
94,13,AAPL,Stock,2020-12-30,SELL,32.378,421.68,13653.16,Kraken,USA
95,14,BNB,Crypto,2022-12-01,SELL,6.35,5111.5,32458.02,Coinbase,Asia
96,15,AAPL,Stock,2024-06-10,SELL,8.826,1180.9,10422.62,NYSE,Asia
97,8,USDC,Crypto,2022-08-06,SELL,19.004,3118.51,59264.16,NASDAQ,USA
98,20,AAPL,Stock,2023-08-28,BUY,19.889,1700.98,33830.79,Coinbase,Asia
99,18,LINK,Crypto,2022-04-07,SELL,48.207,16565.83,798588.97,Coinbase,Asia
100,14,MSFT,Stock,2021-07-14,BUY,15.327,368.27,5644.47,NYSE,Asia
101,1,LTC,Crypto,2021-09-12,BUY,35.691,39929.15,1425111.29,Kraken,Asia
102,4,AMZN,Stock,2022-12-11,BUY,12.275,804.89,9880.02,NASDAQ,Asia
103,4,TSLA,Stock,2021-12-12,BUY,39.133,20.19,790.1,Kraken,Asia
104,8,TSLA,Stock,2020-09-28,BUY,26.861,856.27,23000.27,NYSE,USA
105,5,MSFT,Stock,2022-07-09,BUY,11.542,690.96,7975.06,Binance,Asia
106,20,BTC,Crypto,2021-07-07,BUY,5.543,13649.71,75660.34,NASDAQ,Asia
107,10,TSLA,Stock,2023-07-31,BUY,48.325,1538.25,74335.93,NYSE,Asia
108,20,USDC,Crypto,2020-05-14,BUY,22.422,52804.48,1183982.05,Coinbase,Asia
109,19,DOGE,Crypto,2022-02-08,BUY,21.578,24101.77,520067.99,NASDAQ,USA
110,11,BTC,Crypto,2021-08-19,SELL,5.655,51888.52,293429.58,NYSE,Asia
111,16,SOL,Crypto,2021-08-31,BUY,41.348,17566.86,726354.53,NASDAQ,Asia
112,2,LTC,Crypto,2020-02-23,SELL,42.496,54922.9,2334003.56,Kraken,Asia
113,14,LTC,Crypto,2023-08-18,BUY,7.609,26509.84,201713.37,Kraken,Asia
114,10,TRX,Crypto,2024-07-01,SELL,39.31,314.75,12372.82,Coinbase,Asia
115,11,XRP,Crypto,2020-03-30,SELL,20.555,31602.25,649584.25,Binance,Asia
116,5,SOL,Crypto,2020-01-22,BUY,38.244,16683.35,638038.04,NASDAQ,Asia
117,1,BTC,Crypto,2020-03-24,SELL,1.539,35820.56,55127.84,Kraken,Asia
118,20,BNB,Crypto,2022-12-22,SELL,42.812,46953.97,2010193.36,NYSE,Asia
119,18,USDC,Crypto,2024-05-11,SELL,4.219,4595.65,19389.05,NYSE,Asia
120,12,TRX,Crypto,2023-10-30,SELL,13.763,312.58,4302.04,Binance,Asia
121,11,LINK,Crypto,2023-02-07,SELL,34.21,9426.65,322485.7,NASDAQ,Asia
122,17,GOOGL,Stock,2022-06-06,BUY,30.077,858.84,25831.33,NASDAQ,Asia
123,17,LTC,Crypto,2024-01-23,SELL,40.088,14909.48,597691.23,Coinbase,Asia
124,15,AMZN,Stock,2022-02-16,SELL,22.144,1475.83,32680.78,Kraken,Asia
125,8,BNB,Crypto,2021-07-07,BUY,6.486,5011.45,32504.26,NASDAQ,USA
126,9,ETH,Crypto,2022-09-01,SELL,35.618,50067.2,1783293.53,Coinbase,Asia
127,17,LTC,Crypto,2024-05-16,BUY,3.671,50070.32,183808.14,NYSE,Asia
128,15,LINK,Crypto,2022-01-25,SELL,37.924,13514.42,512520.86,NASDAQ,Asia
129,8,TSLA,Stock,2024-06-03,BUY,9.345,529.6,4949.11,Kraken,USA
130,7,TSLA,Stock,2022-08-05,SELL,29.92,954.98,28573,Coinbase,USA
131,5,AAPL,Stock,2021-04-10,SELL,7.82,846.09,6616.42,Kraken,Asia
132,11,ETH,Crypto,2021-09-02,SELL,37.199,3945.32,146761.96,Coinbase,Asia
133,8,TSLA,Stock,2024-09-23,BUY,10.728,1716.49,18414.5,Kraken,USA
134,16,TRX,Crypto,2020-12-03,SELL,14.53,35559.52,516679.83,Coinbase,Asia
135,12,LTC,Crypto,2024-08-23,BUY,28.544,17985.18,513368.98,Binance,Asia
136,16,LTC,Crypto,2023-08-06,BUY,30.963,27112.22,839475.67,Kraken,Asia
137,12,BNB,Crypto,2022-06-30,BUY,21.026,13422.15,282214.13,NASDAQ,Asia
138,17,LINK,Crypto,2023-04-28,SELL,39.786,48121.06,1914544.49,NASDAQ,Asia
139,12,AMZN,Stock,2020-06-01,BUY,27.143,1020.92,27710.83,Coinbase,Asia
140,18,LINK,Crypto,2021-09-25,BUY,32.195,17059,549214.51,NYSE,Asia
141,19,TRX,Crypto,2022-11-17,SELL,47.051,52823.99,2485421.55,Coinbase,USA
142,6,DOGE,Crypto,2023-01-30,BUY,4.432,4517.89,20023.29,Binance,Asia
143,7,BNB,Crypto,2023-09-15,SELL,5.822,11368.19,66185.6,Kraken,USA
144,10,DOGE,Crypto,2024-05-18,SELL,6.212,47599.77,295689.77,Kraken,Asia
145,2,DOGE,Crypto,2024-03-10,BUY,13.381,54319.61,726850.7,Kraken,Asia
146,4,TSLA,Stock,2020-04-30,SELL,30.349,1563.09,47438.22,Coinbase,Asia
147,13,SOL,Crypto,2023-02-07,SELL,20.87,14811.93,309124.98,Kraken,USA
148,3,BTC,Crypto,2022-06-17,BUY,23.412,7086.65,165912.65,Coinbase,Asia
149,15,ETH,Crypto,2020-12-06,SELL,43.36,50178.56,2175742.36,NYSE,Asia
150,1,USDC,Crypto,2022-03-07,BUY,26.121,5057.01,132094.16,Binance,Asia
151,16,TRX,Crypto,2020-06-17,SELL,22.771,1249.64,28455.55,NASDAQ,Asia
152,10,LTC,Crypto,2020-03-14,BUY,7.176,20569.29,147605.23,Binance,Asia
153,14,LINK,Crypto,2023-04-19,BUY,26.258,54883.81,1441139.08,NASDAQ,Asia
154,9,BTC,Crypto,2024-02-25,SELL,26.559,30920.48,821217.03,Kraken,Asia
155,5,BTC,Crypto,2020-06-15,SELL,5.403,6123.53,33085.43,NASDAQ,Asia
156,19,AMZN,Stock,2020-11-14,SELL,31.49,53.03,1669.91,Kraken,USA
157,10,DOGE,Crypto,2021-02-09,BUY,47.063,14867.06,699688.44,NYSE,Asia
158,5,LTC,Crypto,2022-09-05,SELL,27.387,35631.47,975839.07,Kraken,Asia
159,16,BNB,Crypto,2022-03-18,SELL,42.056,685.68,28836.96,NASDAQ,Asia
160,6,TRX,Crypto,2023-11-04,SELL,26.703,10257.58,273908.16,Coinbase,Asia
161,11,AMZN,Stock,2021-08-27,SELL,33.931,1829.84,62088.3,Coinbase,Asia
162,2,ETH,Crypto,2023-03-25,SELL,0.334,12887.18,4304.32,Coinbase,Asia
163,2,USDC,Crypto,2022-08-09,SELL,32.426,14322.04,464406.47,Kraken,Asia
164,1,ETH,Crypto,2020-07-21,BUY,28.9,43881.86,1268185.75,Binance,Asia
165,7,USDC,Crypto,2021-08-15,BUY,31.274,55123.92,1723945.47,NASDAQ,USA
166,17,BNB,Crypto,2023-08-17,BUY,4.132,43056.58,177909.79,NASDAQ,Asia
167,7,TRX,Crypto,2020-08-28,SELL,43.201,12154,525064.95,Kraken,USA
168,3,AAPL,Stock,2024-05-29,BUY,44.387,960.72,42643.48,Kraken,Asia
169,17,USDC,Crypto,2023-12-29,BUY,10.478,41569.32,435563.33,Binance,Asia
170,18,AAPL,Stock,2021-08-13,BUY,41.948,130.76,5485.12,Binance,Asia
171,13,AMZN,Stock,2021-09-15,BUY,32.234,894.78,28842.34,NASDAQ,USA
172,8,GOOGL,Stock,2021-07-06,SELL,29.682,1438.76,42705.27,NASDAQ,USA
173,4,LINK,Crypto,2020-02-19,BUY,28.221,4790.88,135203.42,Binance,Asia
174,1,LTC,Crypto,2024-09-10,SELL,17.082,58022.44,991139.32,Kraken,Asia
175,8,USDC,Crypto,2024-11-20,SELL,37.956,3873.53,147023.7,Binance,USA
176,9,AAPL,Stock,2020-08-08,SELL,21.401,1984.3,42466,Binance,Asia
177,7,BTC,Crypto,2020-01-19,SELL,9.354,28564.65,267193.74,NYSE,USA
178,10,TRX,Crypto,2024-10-09,SELL,21.216,6799.8,144264.56,Binance,Asia
179,13,TSLA,Stock,2024-04-18,BUY,35.667,517.94,18473.37,Coinbase,USA
180,6,TSLA,Stock,2023-09-12,BUY,17.259,731.32,12621.85,NASDAQ,Asia
181,19,TSLA,Stock,2021-09-18,BUY,14.205,1092.49,15518.82,Coinbase,USA
182,2,BNB,Crypto,2023-11-05,BUY,6.774,53922.9,365273.72,Binance,Asia
183,20,TSLA,Stock,2022-01-09,SELL,7.561,1545.67,11686.81,NASDAQ,Asia
184,19,BTC,Crypto,2023-08-13,SELL,35.503,17545.57,622920.37,Binance,USA
185,19,USDC,Crypto,2022-04-26,SELL,15.92,34675.65,552036.35,NASDAQ,USA
186,5,BTC,Crypto,2021-11-15,BUY,30.536,8556.26,261273.96,NASDAQ,Asia
187,12,BNB,Crypto,2021-07-06,SELL,1.808,55940.99,101141.31,Coinbase,Asia
188,20,DOGE,Crypto,2023-01-23,BUY,41.091,44845.08,1842729.18,Coinbase,Asia
189,19,USDC,Crypto,2021-07-20,SELL,40.029,44992.93,1801021.99,NASDAQ,USA
190,4,USDC,Crypto,2024-07-24,BUY,40.161,33370.3,1340184.62,Kraken,Asia
191,7,USDC,Crypto,2022-03-19,SELL,39.938,20099.46,802732.23,NASDAQ,USA
192,19,BTC,Crypto,2020-04-07,BUY,47.307,40547.54,1918182.47,NASDAQ,USA
193,10,BNB,Crypto,2023-07-19,BUY,47.3,22185.89,1049392.6,Binance,Asia
194,20,ETH,Crypto,2023-08-11,SELL,35.148,58609.46,2060005.3,NYSE,Asia
195,7,BNB,Crypto,2021-01-03,BUY,30.754,35740.68,1099168.87,NYSE,USA
196,7,TRX,Crypto,2021-02-08,SELL,26.344,26515.8,698532.24,NYSE,USA
197,15,XRP,Crypto,2020-09-29,BUY,16.565,11827.68,195925.52,NASDAQ,Asia
198,8,SOL,Crypto,2022-07-13,BUY,27.634,4496.8,124264.57,Kraken,USA
199,9,AAPL,Stock,2020-09-26,SELL,30.975,1337.84,41439.59,NYSE,Asia
200,16,BNB,Crypto,2021-02-07,SELL,23.281,27496.45,640144.85,Coinbase,Asia
201,11,MSFT,Stock,2023-02-18,BUY,35.223,1581.68,55711.51,Binance,Asia
202,10,SOL,Crypto,2020-10-04,SELL,1.88,13713.74,25781.83,Kraken,Asia
203,14,AMZN,Stock,2020-03-05,SELL,13.056,74.11,967.58,Binance,Asia
204,3,AMZN,Stock,2021-07-29,BUY,28.079,1866.22,52401.59,NYSE,Asia
205,8,MSFT,Stock,2020-02-17,SELL,42.045,222.52,9355.85,Kraken,USA
206,13,SOL,Crypto,2021-03-15,SELL,42.855,58983.23,2527726.32,Kraken,USA
207,3,GOOGL,Stock,2022-01-29,BUY,34.652,234.59,8129.01,NASDAQ,Asia
208,4,AAPL,Stock,2021-02-12,BUY,12.669,970.05,12289.56,NYSE,Asia
209,10,DOGE,Crypto,2020-09-07,BUY,40.216,57705.1,2320668.3,NASDAQ,Asia
210,6,BNB,Crypto,2020-07-01,BUY,34.005,25275.49,859493.04,Binance,Asia
211,6,LINK,Crypto,2020-10-30,SELL,39.78,11343.7,451252.39,NYSE,Asia
212,9,TSLA,Stock,2021-08-10,BUY,18.264,1480.78,27044.97,Kraken,Asia
213,4,AMZN,Stock,2023-03-29,SELL,27.755,139.52,3872.38,Coinbase,Asia
214,8,AMZN,Stock,2020-07-18,SELL,21.414,196.18,4201,Binance,USA
215,16,AMZN,Stock,2020-11-27,BUY,43.8,790.29,34614.7,Coinbase,Asia
216,17,AAPL,Stock,2021-08-17,BUY,4.571,1405.59,6424.95,Kraken,Asia
217,2,USDC,Crypto,2022-10-29,SELL,34.925,21144.67,738477.6,NYSE,Asia
218,16,TRX,Crypto,2023-01-16,BUY,44.582,41766.05,1862014.04,Kraken,Asia
219,13,AAPL,Stock,2023-07-09,BUY,27.846,1608.96,44803.1,Coinbase,USA
220,13,BNB,Crypto,2022-02-01,BUY,40.914,32891.5,1345722.83,NASDAQ,USA
221,3,MSFT,Stock,2020-07-03,SELL,0.952,918.54,874.45,Coinbase,Asia
222,6,GOOGL,Stock,2024-07-25,BUY,19.001,374.84,7122.33,NASDAQ,Asia
223,18,ETH,Crypto,2020-09-08,SELL,3.739,47563.2,177838.8,NASDAQ,Asia
224,20,MSFT,Stock,2023-04-18,SELL,15.645,733.33,11472.95,Coinbase,Asia
225,2,LINK,Crypto,2024-05-03,SELL,0.651,4244.04,2762.87,Kraken,Asia
226,9,GOOGL,Stock,2020-09-27,BUY,6.931,522.13,3618.88,NASDAQ,Asia
227,11,BNB,Crypto,2021-06-23,BUY,20.98,39592.55,830651.7,Kraken,Asia
228,9,LTC,Crypto,2021-08-21,BUY,34.407,2183.97,75143.86,Kraken,Asia
229,18,TRX,Crypto,2021-11-03,SELL,22.012,36644.18,806611.69,Kraken,Asia
230,1,AMZN,Stock,2022-03-12,SELL,33.168,1397.23,46343.32,Kraken,Asia
231,16,BNB,Crypto,2020-10-06,BUY,17.218,28325.46,487707.77,Coinbase,Asia
232,14,TRX,Crypto,2023-10-09,BUY,14.703,43828.58,644411.61,Coinbase,Asia
233,15,GOOGL,Stock,2022-05-08,SELL,1.042,1685.96,1756.77,NASDAQ,Asia
234,5,AAPL,Stock,2021-08-26,SELL,12.302,591.6,7277.86,NYSE,Asia
235,1,AMZN,Stock,2022-07-14,SELL,47.688,1553.24,74070.91,Coinbase,Asia
236,9,SOL,Crypto,2024-11-27,BUY,39.489,31333.56,1237330.95,Binance,Asia
237,11,AMZN,Stock,2024-05-22,BUY,48.264,1038.71,50132.3,Coinbase,Asia
238,8,LTC,Crypto,2022-06-17,BUY,35.381,18696.73,661509,NASDAQ,USA
239,4,SOL,Crypto,2023-11-24,BUY,25.863,6179.15,159811.36,Coinbase,Asia
240,15,TSLA,Stock,2024-04-19,SELL,39.979,183.23,7325.35,Binance,Asia
241,10,USDC,Crypto,2022-04-23,SELL,5.103,51685.72,263752.23,Coinbase,Asia
242,1,XRP,Crypto,2023-04-21,SELL,31.05,39998.84,1241963.98,NYSE,Asia
243,8,ETH,Crypto,2024-07-27,SELL,44.297,1944.34,86128.43,NASDAQ,USA
244,18,BNB,Crypto,2022-10-17,SELL,1.705,6761.34,11528.08,NYSE,Asia
245,2,TRX,Crypto,2023-06-01,SELL,32.85,47394.55,1556910.97,Coinbase,Asia
246,11,LINK,Crypto,2023-11-22,SELL,48.386,58645.48,2837620.2,Binance,Asia
247,8,LTC,Crypto,2020-02-08,BUY,10.512,7028.62,73884.85,Binance,USA
248,8,DOGE,Crypto,2021-02-05,BUY,42.634,10416,444075.74,Kraken,USA
249,10,LINK,Crypto,2022-06-18,SELL,16.964,2733.61,46372.96,Coinbase,Asia
250,19,XRP,Crypto,2021-01-05,BUY,35.064,19306.05,676947.34,Coinbase,USA
251,7,BNB,Crypto,2022-11-24,BUY,26.823,54998.92,1475236.03,Kraken,USA
252,7,LTC,Crypto,2021-12-02,BUY,32.626,50813.15,1657829.83,NASDAQ,USA
253,4,XRP,Crypto,2024-06-25,BUY,12.059,634.57,7652.28,NASDAQ,Asia
254,8,TRX,Crypto,2020-01-16,BUY,10.111,28818.72,291386.08,Binance,USA
255,5,AAPL,Stock,2021-01-08,SELL,46.872,944.32,44262.17,Kraken,Asia
256,13,TSLA,Stock,2022-05-14,SELL,9.299,943.31,8771.84,NASDAQ,USA
257,15,LINK,Crypto,2020-01-29,BUY,15.032,36914.26,554895.16,Binance,Asia
258,20,TSLA,Stock,2020-11-10,BUY,41.108,187.57,7710.63,Kraken,Asia
259,12,USDC,Crypto,2021-02-27,SELL,30.052,24397.33,733188.56,Kraken,Asia
260,8,BTC,Crypto,2020-12-17,BUY,2.875,54251.41,155972.8,Coinbase,USA
261,15,LINK,Crypto,2023-12-10,SELL,21.536,50561.5,1088892.46,Coinbase,Asia
262,12,ETH,Crypto,2022-07-21,BUY,39.702,22839.64,906779.39,Binance,Asia
263,7,AAPL,Stock,2024-03-23,SELL,33.186,1716.16,56952.49,NYSE,USA
264,13,LINK,Crypto,2021-07-21,SELL,14.064,10017.72,140889.21,Binance,USA
265,6,SOL,Crypto,2022-07-12,BUY,45.649,41287.42,1884729.44,Binance,Asia
266,11,DOGE,Crypto,2023-01-20,SELL,28.857,8587.36,247805.45,Kraken,Asia
267,15,TRX,Crypto,2022-11-04,BUY,38.425,8671.05,333185.1,NASDAQ,Asia
268,11,XRP,Crypto,2020-06-03,SELL,37.98,51573.23,1958751.28,NYSE,Asia
269,6,DOGE,Crypto,2021-11-13,SELL,48.126,45046.8,2167922.3,Binance,Asia
270,11,LTC,Crypto,2024-04-01,BUY,38.603,38445.38,1484107,NASDAQ,Asia
271,19,GOOGL,Stock,2023-04-08,BUY,7.783,1150.98,8958.08,Binance,USA
272,14,XRP,Crypto,2023-10-11,SELL,25.29,47476.7,1200685.74,NASDAQ,Asia
273,5,AAPL,Stock,2023-09-19,BUY,30.726,517.13,15889.34,NYSE,Asia
274,13,LTC,Crypto,2020-01-01,BUY,27.261,41011.63,1118018.05,Binance,USA
275,7,LINK,Crypto,2022-08-07,SELL,6.023,15202.69,91565.8,Binance,USA
276,13,XRP,Crypto,2020-05-25,BUY,29.596,53973.13,1597388.76,Coinbase,USA
277,3,LINK,Crypto,2022-10-17,BUY,24.182,42007.69,1015829.96,Coinbase,Asia
278,2,GOOGL,Stock,2022-07-06,BUY,10.871,1302.85,14163.28,Binance,Asia
279,9,DOGE,Crypto,2020-08-24,SELL,18.392,44887.06,825562.81,NYSE,Asia
280,13,LINK,Crypto,2022-03-29,SELL,31.904,14744.06,470394.49,NASDAQ,USA
281,16,USDC,Crypto,2024-08-02,SELL,26.166,51156.74,1338567.26,Binance,Asia
282,13,TSLA,Stock,2020-09-07,SELL,13.595,988.45,13437.98,Binance,USA
283,6,TSLA,Stock,2021-04-12,SELL,26.943,208.74,5624.08,Coinbase,Asia
284,9,BNB,Crypto,2021-12-02,SELL,22.108,53282.31,1177965.31,NASDAQ,Asia
285,6,LTC,Crypto,2022-10-26,BUY,24.976,22373.68,558805.03,Kraken,Asia
286,15,MSFT,Stock,2020-01-29,BUY,26.761,651.37,17431.31,Binance,Asia
287,8,BNB,Crypto,2023-01-08,BUY,43.375,51867.97,2249773.2,Coinbase,USA
288,10,USDC,Crypto,2021-08-27,SELL,32.548,5411.01,176117.55,NYSE,Asia
289,1,ETH,Crypto,2020-01-28,BUY,44.905,41077.16,1844569.87,Binance,Asia
290,2,GOOGL,Stock,2021-03-14,BUY,39.269,856.32,33626.83,NYSE,Asia
291,19,TRX,Crypto,2021-10-27,BUY,34.731,41673.83,1447373.79,NYSE,USA
292,1,XRP,Crypto,2022-12-13,SELL,15.356,19733.65,303029.93,Binance,Asia
293,19,DOGE,Crypto,2022-12-14,BUY,43.579,742.19,32343.9,Binance,USA
294,16,USDC,Crypto,2022-11-03,SELL,3.746,10027.01,37561.18,NASDAQ,Asia
295,6,BTC,Crypto,2022-07-21,BUY,26.702,10169.17,271537.18,Binance,Asia
296,4,DOGE,Crypto,2022-03-05,BUY,30.713,36377.66,1117267.07,NYSE,Asia
297,8,XRP,Crypto,2022-04-25,SELL,34.572,53205.4,1839417.09,NYSE,USA
298,5,LINK,Crypto,2022-10-12,SELL,27.647,37794.3,1044899.01,Kraken,Asia
299,18,BTC,Crypto,2021-03-28,BUY,41.71,54925.48,2290941.77,Coinbase,Asia
300,4,AMZN,Stock,2020-04-21,BUY,16.241,291.02,4726.46,Binance,Asia
301,4,GOOGL,Stock,2024-08-17,SELL,5.741,149.46,858.05,Kraken,Asia
302,11,LTC,Crypto,2022-12-26,SELL,29.217,1825.64,53339.72,NASDAQ,Asia
303,19,TSLA,Stock,2024-06-22,BUY,8.168,95.83,782.74,Coinbase,USA
304,2,MSFT,Stock,2023-10-23,BUY,8.867,1814.92,16092.9,Coinbase,Asia
305,16,AMZN,Stock,2020-08-28,BUY,36.851,1534.58,56550.81,Binance,Asia
306,12,ETH,Crypto,2022-11-25,BUY,17.307,11724.36,202913.5,Coinbase,Asia
307,4,TSLA,Stock,2020-07-11,SELL,20.923,274.34,5740.02,NYSE,Asia
308,7,LTC,Crypto,2024-01-30,SELL,39.613,614.14,24327.93,Kraken,USA
309,11,TRX,Crypto,2024-08-24,BUY,34.674,31962.51,1108268.07,NYSE,Asia
310,1,AAPL,Stock,2022-01-09,BUY,3.735,1096.82,4096.62,Kraken,Asia
311,19,LINK,Crypto,2022-07-22,SELL,34.735,51310.11,1782256.67,Binance,USA
312,16,TRX,Crypto,2020-09-24,BUY,6.369,33396.67,212703.39,Coinbase,Asia
313,3,BNB,Crypto,2022-04-08,SELL,31.179,40423.24,1260356.2,Binance,Asia
314,20,AAPL,Stock,2022-07-21,BUY,42.882,779.78,33438.53,NASDAQ,Asia
315,9,SOL,Crypto,2024-11-03,SELL,31.921,55110.49,1759181.95,NASDAQ,Asia
316,19,BNB,Crypto,2021-12-12,SELL,40.898,19566.38,800225.81,Coinbase,USA
317,11,LINK,Crypto,2021-06-19,SELL,47.242,439.15,20746.32,NYSE,Asia
318,11,TRX,Crypto,2021-05-27,SELL,9.591,20478.91,196413.23,NASDAQ,Asia
319,8,XRP,Crypto,2021-11-27,SELL,31.757,57111.74,1813697.53,NASDAQ,USA
320,13,LINK,Crypto,2020-08-15,BUY,10.176,22022.85,224104.52,Binance,USA
321,12,TRX,Crypto,2021-06-05,BUY,29.087,27955.38,813138.14,NYSE,Asia
322,11,USDC,Crypto,2022-02-20,BUY,1.986,12641.37,25105.76,NYSE,Asia
323,5,GOOGL,Stock,2021-04-10,BUY,30.472,1585.57,48315.49,NASDAQ,Asia
324,1,AAPL,Stock,2020-01-06,SELL,36.075,1341.74,48403.27,Binance,Asia
325,7,BNB,Crypto,2024-02-02,BUY,31.131,12264.78,381814.87,Kraken,USA
326,13,AAPL,Stock,2024-07-10,SELL,21.326,1157.74,24689.96,NYSE,USA
327,1,TRX,Crypto,2020-10-09,SELL,13.969,35080.3,490036.71,Kraken,Asia
328,12,XRP,Crypto,2021-05-03,BUY,39.979,37230.51,1488438.56,NYSE,Asia
329,18,LINK,Crypto,2020-07-23,BUY,37.019,1942.95,71926.07,NASDAQ,Asia
330,3,DOGE,Crypto,2020-06-25,SELL,16.368,5468.91,89515.12,Coinbase,Asia
331,13,TSLA,Stock,2023-09-13,SELL,40.252,1500.77,60408.99,NASDAQ,USA
332,6,TSLA,Stock,2023-07-25,BUY,36.686,788.58,28929.85,Coinbase,Asia
333,7,BNB,Crypto,2023-05-14,BUY,18.284,52176,953985.98,NASDAQ,USA
334,19,DOGE,Crypto,2022-01-22,SELL,40.311,53352.59,2150696.26,NASDAQ,USA
335,9,ETH,Crypto,2024-01-18,SELL,40.008,19137.14,765638.7,Coinbase,Asia
336,8,AMZN,Stock,2024-09-27,SELL,9.92,1036.29,10280,NYSE,USA
337,17,SOL,Crypto,2021-10-16,BUY,3.421,26085.46,89238.36,NYSE,Asia
338,1,TSLA,Stock,2022-05-31,BUY,12.586,68.43,861.26,Kraken,Asia
339,10,LTC,Crypto,2022-03-19,BUY,6.965,17113,119192.04,Binance,Asia
340,19,TSLA,Stock,2021-07-22,SELL,2.707,813.83,2203.04,Binance,USA
341,7,BNB,Crypto,2023-04-20,SELL,2.516,23414.67,58911.31,NYSE,USA
342,2,XRP,Crypto,2022-02-09,BUY,49.327,58634.67,2892272.37,Kraken,Asia
343,14,TSLA,Stock,2021-02-05,BUY,5.271,1780.91,9387.18,Kraken,Asia
344,2,BNB,Crypto,2021-05-26,SELL,5.234,12232.87,64026.84,Kraken,Asia
345,1,ETH,Crypto,2023-10-24,BUY,36.686,804.39,29509.85,Binance,Asia
346,1,AMZN,Stock,2022-03-06,BUY,37.939,1979.8,75111.63,NASDAQ,Asia
347,13,ETH,Crypto,2023-03-29,SELL,29.244,24549.07,717913,Binance,USA
348,11,USDC,Crypto,2020-04-07,BUY,17.71,53169.52,941632.2,NYSE,Asia
349,18,MSFT,Stock,2020-03-24,SELL,18.634,1153.68,21497.67,NYSE,Asia
350,17,BTC,Crypto,2022-02-05,BUY,7.298,3620.32,26421.1,Binance,Asia
351,6,LINK,Crypto,2021-06-08,SELL,41.126,52151.71,2144791.23,NASDAQ,Asia
352,11,TSLA,Stock,2020-05-16,BUY,36.92,846.23,31242.81,Kraken,Asia
353,14,LINK,Crypto,2023-11-18,SELL,38.332,24755.16,948914.79,Coinbase,Asia
354,5,SOL,Crypto,2022-03-11,SELL,2.102,29820.88,62683.49,NYSE,Asia
355,18,MSFT,Stock,2022-08-05,SELL,8.079,770.69,6226.4,Kraken,Asia
356,20,BTC,Crypto,2023-06-15,SELL,38.678,45321,1752925.64,Coinbase,Asia
357,7,AAPL,Stock,2024-10-14,SELL,33.457,1669.41,55853.45,NASDAQ,USA
358,12,USDC,Crypto,2022-08-05,BUY,25.692,50980.29,1309785.61,Kraken,Asia
359,18,TSLA,Stock,2020-06-12,BUY,1.73,1211.44,2095.79,Binance,Asia
360,19,TRX,Crypto,2020-10-31,BUY,19.427,32711.43,635484.95,Coinbase,USA
361,4,AMZN,Stock,2021-02-10,SELL,34.571,977.77,33802.49,Coinbase,Asia
362,20,AAPL,Stock,2020-02-26,SELL,14.094,55.96,788.7,NASDAQ,Asia
363,2,DOGE,Crypto,2023-12-05,BUY,39.405,47232.4,1861192.72,NASDAQ,Asia
364,9,ETH,Crypto,2024-08-01,BUY,1.539,34993.81,53855.47,Coinbase,Asia
365,12,BNB,Crypto,2023-06-13,SELL,25.717,37992.52,977053.64,Kraken,Asia
366,20,TRX,Crypto,2023-06-08,BUY,45.073,23199.81,1045685.04,NYSE,Asia
367,20,USDC,Crypto,2023-02-19,SELL,20.819,54478.66,1134191.22,Coinbase,Asia
368,18,BNB,Crypto,2022-01-08,BUY,5.698,53367.36,304087.22,NASDAQ,Asia
369,7,BTC,Crypto,2021-10-19,BUY,48.53,5375.06,260851.66,NASDAQ,USA
370,6,TRX,Crypto,2023-07-12,BUY,48.486,26716.01,1295352.46,Binance,Asia
371,3,LINK,Crypto,2020-10-03,BUY,0.383,28398.86,10876.76,Kraken,Asia
372,9,AAPL,Stock,2023-07-30,SELL,28.932,1035.59,29961.69,NYSE,Asia
373,10,BNB,Crypto,2021-09-30,BUY,9.052,3206.24,29022.88,Kraken,Asia
374,16,GOOGL,Stock,2022-01-14,BUY,35.679,1014.82,36207.76,Coinbase,Asia
375,3,AMZN,Stock,2024-09-15,SELL,36.055,882.29,31810.97,Kraken,Asia
376,7,BTC,Crypto,2022-06-25,BUY,32.399,55296.74,1791559.08,Binance,USA
377,4,MSFT,Stock,2020-07-20,BUY,35.974,317.73,11430.02,NYSE,Asia
378,19,AAPL,Stock,2024-01-27,BUY,21.785,337.09,7343.51,NYSE,USA
379,17,LTC,Crypto,2024-08-12,BUY,5.405,2308.98,12480.04,NASDAQ,Asia
380,1,TRX,Crypto,2020-06-01,BUY,16.5,25720.69,424391.38,NYSE,Asia
381,11,TSLA,Stock,2022-10-23,BUY,21.188,336.54,7130.61,Coinbase,Asia
382,6,BNB,Crypto,2020-05-15,SELL,25.855,19029.38,492004.62,NYSE,Asia
383,3,USDC,Crypto,2022-09-25,BUY,5.854,10885.48,63723.6,NASDAQ,Asia
384,5,AAPL,Stock,2021-01-03,BUY,15.558,1141.49,17759.3,Binance,Asia
385,3,MSFT,Stock,2023-10-26,SELL,22.901,513.55,11760.81,NASDAQ,Asia
386,6,BNB,Crypto,2021-12-08,BUY,39.479,24936.04,984449.92,Coinbase,Asia
387,4,BNB,Crypto,2023-06-21,BUY,9.85,58519.34,576415.5,Coinbase,Asia
388,12,DOGE,Crypto,2021-01-01,SELL,30.034,39878.73,1197717.78,NYSE,Asia
389,19,BTC,Crypto,2022-05-10,SELL,39.673,25429.56,1008866.93,Coinbase,USA
390,11,TSLA,Stock,2022-03-14,BUY,13.832,32.98,456.18,NYSE,Asia
391,5,LINK,Crypto,2024-02-11,BUY,22.365,42112.37,941843.16,NYSE,Asia
392,5,TRX,Crypto,2020-08-15,BUY,33.072,58056.22,1920035.31,NASDAQ,Asia
393,9,TRX,Crypto,2023-08-20,SELL,11.067,297.6,3293.54,Binance,Asia
394,18,USDC,Crypto,2024-08-09,SELL,21.114,18090.1,381954.37,NASDAQ,Asia
395,12,AMZN,Stock,2021-12-15,BUY,31.625,56.39,1783.33,Binance,Asia
396,12,SOL,Crypto,2020-10-24,SELL,49.748,44391.34,2208380.38,Kraken,Asia
397,10,AMZN,Stock,2023-04-22,BUY,31.359,1320.22,41400.78,NASDAQ,Asia
398,11,LTC,Crypto,2024-11-13,SELL,40.952,47070.91,1927647.91,NYSE,Asia
399,14,GOOGL,Stock,2020-02-29,SELL,44.865,862.77,38708.18,Coinbase,Asia
400,6,XRP,Crypto,2024-07-29,BUY,13.351,23495.12,313683.35,NASDAQ,Asia
401,8,MSFT,Stock,2024-02-24,BUY,5.399,227.4,1227.73,NYSE,USA
402,18,ETH,Crypto,2023-08-10,BUY,44.924,54479.35,2447430.32,Coinbase,Asia
403,6,MSFT,Stock,2021-11-23,SELL,31.487,1244,39169.83,Kraken,Asia
404,6,BTC,Crypto,2024-01-02,SELL,16.61,57269.8,951251.38,NYSE,Asia
405,2,DOGE,Crypto,2021-06-15,SELL,30.555,6128.21,187247.46,Binance,Asia
406,14,TRX,Crypto,2020-06-18,BUY,7.481,6155.3,46047.8,Coinbase,Asia
407,13,AMZN,Stock,2023-06-28,BUY,24.067,249.54,6005.68,NYSE,USA
408,20,AMZN,Stock,2022-06-01,SELL,12.832,1437.97,18452.03,NASDAQ,Asia
409,20,AAPL,Stock,2020-12-14,BUY,16.028,1540.23,24686.81,NASDAQ,Asia
410,19,AMZN,Stock,2021-04-04,SELL,42.758,178.95,7651.54,Coinbase,USA
411,9,USDC,Crypto,2022-02-09,BUY,38.411,40156.91,1542467.07,Kraken,Asia
412,8,BNB,Crypto,2024-10-24,SELL,0.727,19234.27,13983.31,NYSE,USA
413,8,XRP,Crypto,2022-12-01,SELL,1.625,20177.32,32788.14,Kraken,USA
414,13,TRX,Crypto,2022-06-01,BUY,30.256,23733.93,718093.79,NYSE,USA
415,7,DOGE,Crypto,2021-07-17,BUY,17.472,17614.23,307755.83,NYSE,USA
416,11,TRX,Crypto,2020-08-16,BUY,36.778,5838.56,214730.56,Coinbase,Asia
417,9,BNB,Crypto,2022-07-15,SELL,24.398,40510.5,988375.18,Binance,Asia
418,5,ETH,Crypto,2020-05-25,SELL,26.161,25927.9,678299.79,NASDAQ,Asia
419,11,GOOGL,Stock,2021-03-12,BUY,33.879,670.27,22708.08,Binance,Asia
420,17,AAPL,Stock,2020-08-20,SELL,33.589,1317.57,44255.86,Kraken,Asia
421,7,XRP,Crypto,2022-09-16,SELL,4.527,39157.04,177263.92,NYSE,USA
422,12,XRP,Crypto,2024-05-17,SELL,24.26,5417.89,131438.01,Coinbase,Asia
423,15,TSLA,Stock,2022-10-18,BUY,15.171,1351.67,20506.19,Kraken,Asia
424,4,SOL,Crypto,2023-12-19,SELL,9.551,38810.83,370682.24,NYSE,Asia
425,11,DOGE,Crypto,2020-07-26,SELL,38.423,1909.11,73353.73,NYSE,Asia
426,15,BTC,Crypto,2024-08-12,SELL,5.949,33815.94,201171.03,Kraken,Asia
427,4,AMZN,Stock,2024-01-12,BUY,29.516,467.97,13812.6,Binance,Asia
428,16,XRP,Crypto,2021-12-12,BUY,41.937,59399.7,2491045.22,Coinbase,Asia
429,9,LTC,Crypto,2021-08-13,BUY,25.188,16132.4,406342.89,NASDAQ,Asia
430,17,TRX,Crypto,2023-11-13,BUY,48.469,35685.06,1729619.17,Kraken,Asia
431,10,GOOGL,Stock,2022-04-16,SELL,45.01,1385.59,62365.41,NASDAQ,Asia
432,15,ETH,Crypto,2020-11-08,BUY,38.607,40307.77,1556162.08,Binance,Asia
433,12,BNB,Crypto,2021-07-04,BUY,47.069,22129.04,1041591.78,Kraken,Asia
434,6,AAPL,Stock,2022-05-05,SELL,2.812,714.74,2009.85,Kraken,Asia
435,8,LTC,Crypto,2022-01-09,BUY,22.32,31163.93,695578.92,Coinbase,USA
436,15,GOOGL,Stock,2020-04-28,BUY,8.218,305.18,2507.97,Binance,Asia
437,20,AMZN,Stock,2021-11-15,SELL,38.755,779.69,30216.89,Kraken,Asia
438,5,LTC,Crypto,2021-11-17,SELL,5.671,56466.29,320220.33,Coinbase,Asia
439,19,ETH,Crypto,2021-05-24,SELL,34.774,51540.19,1792258.57,Kraken,USA
440,7,ETH,Crypto,2021-01-28,SELL,38.926,34041.66,1325105.66,NYSE,USA
441,16,LTC,Crypto,2023-03-15,SELL,7.799,15329.89,119557.81,Kraken,Asia
442,17,LTC,Crypto,2020-06-30,SELL,44.829,9663.15,433189.35,Kraken,Asia
443,3,LINK,Crypto,2022-04-17,SELL,18.354,31959.65,586587.42,Kraken,Asia
444,13,XRP,Crypto,2024-04-27,BUY,13.754,14533.51,199893.9,NASDAQ,USA
445,15,USDC,Crypto,2024-09-25,BUY,22.442,37286.7,836788.12,Binance,Asia
446,20,DOGE,Crypto,2024-08-27,SELL,10.197,24429,249102.51,Binance,Asia
447,17,USDC,Crypto,2024-07-29,BUY,46.719,53277.37,2489065.45,Kraken,Asia
448,1,AAPL,Stock,2020-12-01,SELL,43.168,987.91,42646.1,Kraken,Asia
449,17,TRX,Crypto,2023-11-14,BUY,7.104,6284.16,44642.67,NASDAQ,Asia
450,12,LTC,Crypto,2020-02-27,BUY,16.573,8902.79,147545.94,Coinbase,Asia
451,14,BNB,Crypto,2023-11-18,SELL,43.062,7562.25,325645.61,NASDAQ,Asia
452,8,SOL,Crypto,2021-09-14,SELL,28.116,2558.29,71928.88,Kraken,USA
453,4,BNB,Crypto,2021-11-06,SELL,8.266,1258.62,10403.75,Coinbase,Asia
454,5,USDC,Crypto,2024-02-05,BUY,33.351,32278.9,1076533.59,Coinbase,Asia
455,17,SOL,Crypto,2022-06-09,BUY,34.183,3286.27,112334.57,NYSE,Asia
456,13,TSLA,Stock,2020-12-08,SELL,30.702,578,17745.76,Kraken,USA
457,19,SOL,Crypto,2024-11-06,BUY,36.448,37567.8,1369271.17,NYSE,USA
458,4,BNB,Crypto,2022-09-27,BUY,13.631,55375.11,754818.12,NYSE,Asia
459,3,BTC,Crypto,2023-11-06,BUY,24.971,5025.97,125503.5,NYSE,Asia
460,10,AMZN,Stock,2021-01-12,BUY,1.254,1519.81,1905.84,NYSE,Asia
461,11,LINK,Crypto,2022-12-15,BUY,5.013,32118.22,161008.64,Binance,Asia
462,18,XRP,Crypto,2022-08-26,BUY,40.067,53302.21,2135659.65,Binance,Asia
463,2,AMZN,Stock,2023-01-11,BUY,27.919,374.64,10459.57,Binance,Asia
464,3,ETH,Crypto,2023-04-20,SELL,35.669,7382.25,263317.48,Kraken,Asia
465,5,SOL,Crypto,2022-09-29,SELL,20.307,48439.34,983657.68,NASDAQ,Asia
466,17,MSFT,Stock,2022-09-19,SELL,15.332,333.21,5108.78,Coinbase,Asia
467,20,TSLA,Stock,2023-10-17,SELL,21.14,448.13,9473.47,Coinbase,Asia
468,20,USDC,Crypto,2024-11-30,BUY,21.96,14784.15,324659.93,Binance,Asia
469,15,DOGE,Crypto,2023-07-24,BUY,47.538,7508.7,356948.58,NASDAQ,Asia
470,8,SOL,Crypto,2022-07-31,BUY,36.098,8422.36,304030.35,NYSE,USA
471,12,BNB,Crypto,2020-05-01,BUY,41.221,40114.83,1653573.41,Coinbase,Asia
472,19,TRX,Crypto,2024-11-01,BUY,26.019,12071.25,314081.85,NASDAQ,USA
473,5,MSFT,Stock,2023-10-12,SELL,15.651,931.72,14582.35,Binance,Asia
474,9,USDC,Crypto,2020-11-06,SELL,17.746,52085.2,924303.96,NYSE,Asia
475,13,GOOGL,Stock,2020-08-31,SELL,18.628,1907.73,35537.19,NYSE,USA
476,2,DOGE,Crypto,2020-02-05,SELL,29.378,29437.54,864816.05,NASDAQ,Asia
477,10,TRX,Crypto,2020-01-15,BUY,32.078,49924.89,1601490.62,Kraken,Asia
478,6,AMZN,Stock,2021-12-14,SELL,49.348,1854.65,91523.27,NASDAQ,Asia
479,4,AAPL,Stock,2022-10-19,BUY,48.547,1902.72,92371.35,Binance,Asia
480,12,MSFT,Stock,2021-06-02,SELL,12.425,1719.17,21360.69,NASDAQ,Asia
481,6,BNB,Crypto,2022-05-16,BUY,15.795,34627.37,546939.31,Binance,Asia
482,17,SOL,Crypto,2023-04-01,SELL,40.603,19631.77,797108.76,NYSE,Asia
483,8,AMZN,Stock,2020-04-21,SELL,41.677,1510.99,62973.53,NYSE,USA
484,9,AAPL,Stock,2023-06-14,BUY,17.938,128.75,2309.52,Coinbase,Asia
485,17,LTC,Crypto,2023-05-05,SELL,2.197,23452.13,51524.33,NASDAQ,Asia
486,13,BTC,Crypto,2024-05-16,SELL,3.886,26022.2,101122.27,NYSE,USA
487,8,ETH,Crypto,2024-02-14,BUY,34.848,54.9,1913.16,NASDAQ,USA
488,4,TRX,Crypto,2020-11-08,BUY,41.494,13249,549754.01,Binance,Asia
489,19,TRX,Crypto,2024-08-02,BUY,18.473,22625.76,417965.66,Coinbase,USA
490,6,USDC,Crypto,2021-12-29,SELL,15.955,5935,94692.93,Kraken,Asia
491,6,MSFT,Stock,2023-11-04,SELL,23.105,261.36,6038.72,Binance,Asia
492,14,SOL,Crypto,2023-04-18,BUY,42.242,31718.65,1339859.21,NASDAQ,Asia
493,15,GOOGL,Stock,2022-09-18,BUY,37.886,229.07,8678.55,Binance,Asia
494,3,LINK,Crypto,2022-09-25,SELL,0.245,26095.99,6393.52,NYSE,Asia
495,7,MSFT,Stock,2022-12-14,SELL,18.375,1783.61,32773.83,NYSE,USA
496,14,AMZN,Stock,2022-05-06,BUY,30.677,1252.6,38426.01,Kraken,Asia
497,18,USDC,Crypto,2024-01-21,BUY,20.924,33883.3,708974.17,Coinbase,Asia
498,6,TSLA,Stock,2023-06-19,SELL,48.845,455.08,22228.38,Kraken,Asia
499,6,TSLA,Stock,2023-03-17,SELL,34.756,1785.01,62039.81,NYSE,Asia
500,8,ETH,Crypto,2023-03-13,SELL,40.324,15988.03,644701.32,Kraken,USA
501,1,TRX,Crypto,2020-03-15,BUY,39.809,53101.06,2113900.1,Coinbase,Asia
502,20,GOOGL,Stock,2023-10-18,SELL,49.177,366.66,18031.24,Coinbase,Asia
503,20,USDC,Crypto,2023-07-10,BUY,39.895,8301.31,331180.76,Coinbase,Asia
504,12,TSLA,Stock,2022-02-27,BUY,37.7,1975.85,74489.54,Kraken,Asia
505,18,TSLA,Stock,2023-03-13,BUY,36.533,533.28,19482.32,Coinbase,Asia
506,15,TRX,Crypto,2021-03-24,SELL,12.193,37895.18,462055.93,Kraken,Asia
507,9,SOL,Crypto,2020-10-10,SELL,3.194,24414.91,77981.22,Binance,Asia
508,19,USDC,Crypto,2021-02-05,BUY,20.606,25904.47,533787.51,Binance,USA
509,16,DOGE,Crypto,2024-02-08,SELL,15.913,53131.36,845479.33,Kraken,Asia
510,3,LINK,Crypto,2022-01-02,SELL,0.506,17190.29,8698.29,Kraken,Asia
511,2,BTC,Crypto,2022-04-19,SELL,30.512,21980.06,670655.59,Binance,Asia
512,18,BNB,Crypto,2021-07-03,BUY,31.495,10810.16,340465.99,Kraken,Asia
513,12,LINK,Crypto,2021-06-11,SELL,15.151,29562.03,447894.32,Coinbase,Asia
514,18,ETH,Crypto,2024-07-22,BUY,18.239,9508.01,173416.59,NYSE,Asia
515,7,GOOGL,Stock,2022-06-04,BUY,19.575,1073.94,21022.38,NYSE,USA
516,12,LINK,Crypto,2023-10-13,BUY,45.6,53078.08,2420360.45,Coinbase,Asia
517,7,DOGE,Crypto,2020-11-20,BUY,27.862,40528.04,1129192.25,Binance,USA
518,14,MSFT,Stock,2021-09-24,BUY,22.072,1566.56,34577.11,Coinbase,Asia
519,5,AMZN,Stock,2022-12-27,BUY,29.523,1097.59,32404.15,NASDAQ,Asia
520,6,LINK,Crypto,2022-10-23,BUY,39.418,7142.56,281545.43,Coinbase,Asia
521,10,LTC,Crypto,2021-08-16,SELL,42.582,57661.57,2455344.97,Binance,Asia
522,3,USDC,Crypto,2023-01-11,BUY,15.868,36884.69,585286.26,Binance,Asia
523,20,MSFT,Stock,2022-09-30,SELL,46.811,1681.37,78706.61,NASDAQ,Asia
524,20,MSFT,Stock,2021-12-24,SELL,28.798,1239.47,35694.26,Kraken,Asia
525,8,AAPL,Stock,2020-01-07,SELL,8.737,576.76,5039.15,NASDAQ,USA
526,4,BTC,Crypto,2021-08-03,BUY,32.118,6884.58,221118.94,Kraken,Asia
527,14,GOOGL,Stock,2023-02-05,SELL,42.287,1034.91,43763.24,Binance,Asia
528,17,DOGE,Crypto,2024-08-09,BUY,21.641,16592.99,359088.9,Kraken,Asia
529,1,TSLA,Stock,2023-07-22,SELL,7.263,1326.87,9637.06,NASDAQ,Asia
530,17,TRX,Crypto,2022-08-24,BUY,38.652,31191.73,1205622.75,NASDAQ,Asia
531,5,ETH,Crypto,2024-11-14,SELL,18.102,50964.08,922551.78,Kraken,Asia
532,1,SOL,Crypto,2024-08-25,SELL,21.978,35953.64,790189.1,NYSE,Asia
533,19,ETH,Crypto,2024-08-09,SELL,45.031,14622.59,658469.85,Coinbase,USA
534,5,LINK,Crypto,2021-04-01,BUY,1.649,19794.13,32640.52,NYSE,Asia
535,7,AAPL,Stock,2022-09-23,BUY,29.458,1662.07,48961.26,NASDAQ,USA
536,6,AAPL,Stock,2022-01-31,SELL,5.556,730.02,4055.99,Kraken,Asia
537,3,TRX,Crypto,2022-10-27,SELL,49.318,22818.12,1125344.04,Kraken,Asia
538,19,BNB,Crypto,2023-05-26,BUY,39.402,10442.67,411462.08,NYSE,USA
539,20,SOL,Crypto,2020-01-17,SELL,23.538,53155.82,1251181.69,NASDAQ,Asia
540,2,AMZN,Stock,2021-09-05,SELL,31.335,1879.11,58881.91,Binance,Asia
541,19,BNB,Crypto,2021-06-12,SELL,27.849,28997.46,807550.26,NASDAQ,USA
542,6,TSLA,Stock,2020-05-15,SELL,16.182,1871.44,30283.64,Coinbase,Asia
543,20,XRP,Crypto,2021-02-10,SELL,31.285,53714.5,1680458.13,NYSE,Asia
544,11,BNB,Crypto,2021-09-04,SELL,13.005,2410.1,31343.35,NASDAQ,Asia
545,19,AAPL,Stock,2024-01-08,BUY,18.03,820.87,14800.29,Binance,USA
546,13,BNB,Crypto,2022-10-16,SELL,5.653,7706.57,43565.24,Coinbase,USA
547,4,TSLA,Stock,2023-08-28,SELL,1.116,1571.03,1753.27,NYSE,Asia
548,4,BTC,Crypto,2023-01-25,SELL,14.718,44853.81,660158.38,Kraken,Asia
549,5,DOGE,Crypto,2021-05-28,BUY,4.981,20416.49,101694.54,NYSE,Asia
550,11,MSFT,Stock,2021-04-28,SELL,22.406,1331.82,29840.76,NYSE,Asia
551,18,USDC,Crypto,2021-11-22,BUY,15.254,50540.44,770943.87,NASDAQ,Asia
552,19,BNB,Crypto,2022-12-24,SELL,38.891,12563.25,488597.36,NYSE,USA
553,19,BTC,Crypto,2022-11-12,SELL,26.006,27559.06,716700.91,Coinbase,USA
554,10,LINK,Crypto,2022-09-21,SELL,45.546,44193.4,2012832.6,Binance,Asia
555,13,XRP,Crypto,2020-02-11,SELL,35.6,2271.7,80872.52,NYSE,USA
556,12,AAPL,Stock,2020-09-04,SELL,7.53,788.29,5935.82,Binance,Asia
557,2,BNB,Crypto,2023-12-20,BUY,4.466,45286.83,202250.98,Kraken,Asia
558,4,MSFT,Stock,2022-02-26,SELL,45.162,857.03,38705.19,Coinbase,Asia
559,6,SOL,Crypto,2020-06-04,SELL,25.704,46930.24,1206294.89,NASDAQ,Asia
560,2,AAPL,Stock,2024-06-19,BUY,8.477,360.64,3057.15,Binance,Asia
561,10,AMZN,Stock,2023-05-14,BUY,42.384,493.37,20910.99,Binance,Asia
562,14,MSFT,Stock,2020-10-19,SELL,5.483,1620.25,8883.83,Kraken,Asia
563,20,ETH,Crypto,2022-11-08,SELL,26.558,6177.82,164070.54,NYSE,Asia
564,2,AAPL,Stock,2021-01-02,BUY,33.724,1167.69,39379.18,Kraken,Asia
565,8,BTC,Crypto,2020-11-13,SELL,17.718,5262.35,93238.32,NASDAQ,USA
566,15,DOGE,Crypto,2024-09-16,SELL,29.878,52070.21,1555753.73,NYSE,Asia
567,12,AMZN,Stock,2021-01-05,SELL,15.702,1779.15,27936.21,Binance,Asia
568,15,TSLA,Stock,2022-03-02,SELL,42.284,1202.38,50841.44,NYSE,Asia
569,12,USDC,Crypto,2024-07-01,BUY,15.125,30777.24,465505.76,Binance,Asia
570,15,SOL,Crypto,2022-09-26,BUY,40.856,39873.9,1629088.06,Binance,Asia
571,14,USDC,Crypto,2021-10-13,SELL,32.938,48252.53,1589341.83,Binance,Asia
572,20,ETH,Crypto,2021-06-13,SELL,24.621,7841.97,193077.14,NASDAQ,Asia
573,6,MSFT,Stock,2024-08-10,BUY,30.299,1166.43,35341.66,Kraken,Asia
574,18,ETH,Crypto,2021-08-21,BUY,0.935,48748.49,45579.84,Binance,Asia
575,18,SOL,Crypto,2022-07-05,BUY,14.014,1991.12,27903.56,Coinbase,Asia
576,9,LINK,Crypto,2024-03-25,BUY,37.809,42318.27,1600011.47,Kraken,Asia
577,17,GOOGL,Stock,2023-05-26,SELL,44.376,1326.58,58868.31,Kraken,Asia
578,14,BTC,Crypto,2022-05-29,SELL,8.533,31833.61,271636.19,NYSE,Asia
579,16,AMZN,Stock,2020-01-29,SELL,26.747,1418.79,37948.38,Binance,Asia
580,16,BNB,Crypto,2021-07-22,SELL,34.775,52225.61,1816145.59,NASDAQ,Asia
581,18,DOGE,Crypto,2023-07-13,SELL,35.942,6093.88,219026.23,NASDAQ,Asia
582,11,BTC,Crypto,2021-09-11,BUY,48.822,45275.88,2210459.01,NYSE,Asia
583,8,AMZN,Stock,2020-06-20,BUY,40.96,518.51,21238.17,NASDAQ,USA
584,15,TSLA,Stock,2022-03-09,BUY,35.453,1629.21,57760.38,Binance,Asia
585,14,TSLA,Stock,2022-09-14,SELL,47.949,1645.05,78878.5,NASDAQ,Asia
586,1,BTC,Crypto,2020-09-25,SELL,22.696,28928.4,656558.97,NYSE,Asia
587,15,DOGE,Crypto,2022-12-14,BUY,15.155,13378.44,202750.26,NYSE,Asia
588,15,AAPL,Stock,2021-07-01,SELL,14.474,1663.7,24080.39,NYSE,Asia
589,18,MSFT,Stock,2020-08-20,BUY,4.1,1934.35,7930.83,Binance,Asia
590,13,TRX,Crypto,2024-12-05,SELL,38.269,21341.45,816715.95,Binance,USA
591,3,MSFT,Stock,2024-02-11,SELL,17.738,325.14,5767.33,NYSE,Asia
592,8,TRX,Crypto,2021-08-07,SELL,18.181,28060.86,510174.5,Binance,USA
593,14,DOGE,Crypto,2023-03-23,BUY,5.818,9493.19,55231.38,NYSE,Asia
594,16,AMZN,Stock,2022-04-19,BUY,2.405,843.7,2029.1,Coinbase,Asia
595,10,USDC,Crypto,2022-01-17,SELL,25.542,56608.52,1445894.82,Binance,Asia
596,5,DOGE,Crypto,2023-01-04,BUY,31.738,15983.38,507280.51,Coinbase,Asia
597,20,USDC,Crypto,2023-10-26,BUY,43.386,5874.54,254872.79,Kraken,Asia
598,7,XRP,Crypto,2021-05-01,SELL,16.303,36741.45,598995.86,Coinbase,USA
599,3,LTC,Crypto,2022-01-23,SELL,25.733,38721.1,996410.07,Coinbase,Asia
600,14,MSFT,Stock,2020-10-02,BUY,46.321,1840.17,85238.51,Coinbase,Asia
601,1,MSFT,Stock,2024-06-01,BUY,22.858,1220.2,27891.33,NASDAQ,Asia
602,5,DOGE,Crypto,2022-08-28,BUY,20.967,36814.97,771899.48,Coinbase,Asia
603,12,GOOGL,Stock,2022-07-24,SELL,19.282,1883.12,36310.32,NYSE,Asia
604,6,BTC,Crypto,2024-04-19,BUY,47.036,47566.07,2237317.67,Coinbase,Asia
605,5,LINK,Crypto,2024-11-10,BUY,3.638,4547.77,16544.79,NASDAQ,Asia
606,13,TSLA,Stock,2021-04-15,BUY,5.706,1054.53,6017.15,Binance,USA
607,9,LINK,Crypto,2020-05-07,BUY,41.118,14512.81,596737.72,NASDAQ,Asia
608,13,DOGE,Crypto,2021-10-05,SELL,27.883,44375.51,1237322.35,Binance,USA
609,13,GOOGL,Stock,2022-04-28,BUY,19.055,184.48,3515.27,Coinbase,USA
610,20,ETH,Crypto,2022-09-10,SELL,17.423,34411.34,599548.78,Coinbase,Asia
611,10,AMZN,Stock,2022-04-28,SELL,30.974,66.37,2055.74,Kraken,Asia
612,6,XRP,Crypto,2021-10-25,SELL,15.349,8045.92,123496.83,NASDAQ,Asia
613,7,BNB,Crypto,2023-09-25,BUY,24.897,44260.97,1101965.37,Binance,USA
614,13,ETH,Crypto,2024-01-12,SELL,14.192,58486.75,830043.96,NYSE,USA
615,17,AMZN,Stock,2022-05-07,SELL,17.519,981.25,17190.52,Coinbase,Asia
616,20,USDC,Crypto,2022-08-28,SELL,41.466,6872.53,284976.33,NASDAQ,Asia
617,2,TSLA,Stock,2020-03-12,SELL,1.898,1085.06,2059.44,NYSE,Asia
618,14,LINK,Crypto,2022-04-06,SELL,42.295,20441.07,864555.06,NASDAQ,Asia
619,4,MSFT,Stock,2024-10-17,SELL,39.463,1874.73,73982.47,NASDAQ,Asia
620,10,DOGE,Crypto,2020-05-28,SELL,14.741,6992.85,103081.6,Binance,Asia
621,3,XRP,Crypto,2020-10-31,SELL,2.083,6099.17,12704.57,Coinbase,Asia
622,13,GOOGL,Stock,2024-11-25,SELL,38.671,1764.81,68246.97,NASDAQ,USA
623,8,TRX,Crypto,2023-12-17,SELL,3.279,12734.03,41754.88,NYSE,USA
624,10,LINK,Crypto,2022-02-15,BUY,19.87,45210.29,898328.46,Kraken,Asia
625,13,TRX,Crypto,2024-10-09,SELL,32.461,55073.83,1787751.6,Binance,USA
626,12,ETH,Crypto,2022-04-23,SELL,30.627,26984.24,826446.32,NYSE,Asia
627,2,BNB,Crypto,2021-12-25,BUY,36.443,45203.36,1647346.05,Binance,Asia
628,19,XRP,Crypto,2022-02-14,SELL,7.041,49256.37,346814.1,Binance,USA
629,6,USDC,Crypto,2023-12-13,SELL,9.61,43182.1,414979.98,Coinbase,Asia
630,1,USDC,Crypto,2022-05-09,BUY,29.981,15224.67,456450.83,Binance,Asia
631,1,BNB,Crypto,2020-05-03,BUY,35.091,41051.96,1440554.33,NYSE,Asia
632,12,TRX,Crypto,2020-09-12,BUY,1.126,32091.19,36134.68,NYSE,Asia
633,14,XRP,Crypto,2024-06-19,BUY,33.524,36501,1223659.52,Binance,Asia
634,2,DOGE,Crypto,2023-10-23,BUY,24.972,49313.73,1231462.47,NASDAQ,Asia
635,16,TSLA,Stock,2021-01-23,BUY,26.892,132.27,3557,NASDAQ,Asia
636,17,BNB,Crypto,2021-10-27,BUY,44.912,29192.82,1311107.93,NASDAQ,Asia
637,3,MSFT,Stock,2022-02-05,BUY,44.498,643.82,28648.7,NYSE,Asia
638,16,ETH,Crypto,2022-05-15,BUY,38.463,39926.16,1535679.89,NYSE,Asia
639,7,DOGE,Crypto,2020-07-26,SELL,42.626,11100.64,473175.88,Kraken,USA
640,11,TSLA,Stock,2021-06-14,SELL,42.636,315.93,13469.99,Binance,Asia
641,7,LTC,Crypto,2022-11-28,SELL,49.524,47837.8,2369119.21,NYSE,USA
642,13,LINK,Crypto,2021-12-09,SELL,47.778,21639.33,1033883.91,NASDAQ,USA
643,19,SOL,Crypto,2024-07-14,SELL,0.772,57830.12,44644.85,NYSE,USA
644,18,USDC,Crypto,2023-08-19,SELL,29.252,46155.31,1350135.13,Binance,Asia
645,3,XRP,Crypto,2023-01-22,BUY,1.293,25958.36,33564.16,Coinbase,Asia
646,1,TSLA,Stock,2020-06-15,SELL,31.802,1264.51,40213.95,Coinbase,Asia
647,2,LTC,Crypto,2022-12-24,SELL,42.458,50651.53,2150562.66,NYSE,Asia
648,13,ETH,Crypto,2024-09-28,SELL,18.107,9239.28,167295.64,Binance,USA
649,14,SOL,Crypto,2020-11-20,BUY,19.364,41379.6,801274.57,NASDAQ,Asia
650,9,TSLA,Stock,2023-11-07,BUY,23.819,1273.56,30334.93,Coinbase,Asia
651,16,TRX,Crypto,2023-01-24,SELL,24.039,35818.09,861031.07,NYSE,Asia
652,11,DOGE,Crypto,2024-08-29,BUY,49.286,52526.87,2588839.31,NASDAQ,Asia
653,1,AMZN,Stock,2020-08-11,BUY,23.401,1162.28,27198.51,Binance,Asia
654,11,DOGE,Crypto,2022-07-25,BUY,21.633,13226.77,286134.72,Binance,Asia
655,3,DOGE,Crypto,2023-12-22,SELL,44.177,16965.24,749473.41,Binance,Asia
656,8,AAPL,Stock,2021-09-02,BUY,6.931,456.27,3162.41,NASDAQ,USA
657,14,ETH,Crypto,2021-09-29,SELL,1.72,10043.23,17274.36,Coinbase,Asia
658,2,BTC,Crypto,2023-10-14,SELL,31.436,2474.55,77789.95,NYSE,Asia
659,11,GOOGL,Stock,2020-09-28,SELL,5.894,352.12,2075.4,NASDAQ,Asia
660,14,ETH,Crypto,2024-04-25,BUY,42.964,46969.05,2017978.26,NASDAQ,Asia
661,18,DOGE,Crypto,2024-11-08,BUY,46.677,34752,1622119.1,Kraken,Asia
662,5,XRP,Crypto,2023-05-26,SELL,25.754,38093.56,981061.54,Coinbase,Asia
663,10,BTC,Crypto,2020-01-12,SELL,5.747,32942.89,189322.79,Coinbase,Asia
664,11,MSFT,Stock,2024-06-03,SELL,48.457,1968.38,95381.79,Binance,Asia
665,18,BTC,Crypto,2021-09-16,BUY,11.419,50523.37,576926.36,Binance,Asia
666,13,SOL,Crypto,2020-03-24,BUY,11.71,26014.37,304628.27,Binance,USA
667,1,TRX,Crypto,2024-08-06,SELL,17.987,40570.7,729745.18,Binance,Asia
668,6,AAPL,Stock,2024-02-22,BUY,16.677,55.18,920.24,NYSE,Asia
669,17,LINK,Crypto,2023-03-08,SELL,44.771,59495.4,2663668.55,NASDAQ,Asia
670,10,AAPL,Stock,2024-10-15,SELL,19.099,1259.59,24056.91,NYSE,Asia
671,12,USDC,Crypto,2023-10-07,BUY,34.422,28634.88,985669.84,Binance,Asia
672,19,TRX,Crypto,2023-06-18,BUY,23.652,37325.67,882826.75,Kraken,USA
673,3,TSLA,Stock,2020-03-04,SELL,40.635,1950.13,79243.53,Binance,Asia
674,7,LINK,Crypto,2022-01-02,BUY,9.871,40435.28,399136.65,NYSE,USA
675,20,SOL,Crypto,2023-09-11,BUY,16.385,14315.44,234558.48,Binance,Asia
676,5,MSFT,Stock,2024-10-08,SELL,41.789,1868.95,78101.55,Coinbase,Asia
677,5,BTC,Crypto,2020-07-22,BUY,27.035,15074.36,407535.32,Kraken,Asia
678,9,ETH,Crypto,2023-10-16,SELL,48.711,39758.46,1936674.35,Kraken,Asia
679,15,XRP,Crypto,2022-11-10,SELL,37.979,30972.01,1176285.97,Coinbase,Asia
680,6,BTC,Crypto,2022-08-14,BUY,10.403,25571,266015.11,Binance,Asia
681,2,SOL,Crypto,2020-07-02,BUY,42.701,29197.14,1246747.08,Kraken,Asia
682,19,XRP,Crypto,2023-09-04,BUY,7.494,13752.04,103057.79,NYSE,USA
683,3,ETH,Crypto,2022-05-14,BUY,5.558,44335.5,246416.71,NYSE,Asia
684,7,XRP,Crypto,2021-10-16,BUY,6.28,19755.7,124065.8,Binance,USA
685,11,TSLA,Stock,2023-09-14,BUY,12.037,350.13,4214.51,Kraken,Asia
686,5,TRX,Crypto,2024-02-06,BUY,8.835,21404.77,189111.14,Binance,Asia
687,11,BTC,Crypto,2024-09-17,BUY,23.931,38885.68,930573.21,NYSE,Asia
688,12,BNB,Crypto,2021-11-08,SELL,2.689,33020.14,88791.16,NASDAQ,Asia
689,17,BTC,Crypto,2024-11-06,SELL,34.527,10041.77,346712.19,Kraken,Asia
690,13,TSLA,Stock,2022-09-26,SELL,30.537,1384.94,42291.91,Coinbase,USA
691,9,LINK,Crypto,2021-04-01,SELL,2.35,43297.6,101749.36,NYSE,Asia
692,5,XRP,Crypto,2023-05-18,BUY,45.666,6452.75,294671.28,Kraken,Asia
693,16,LTC,Crypto,2020-03-30,SELL,36.19,31440.97,1137848.7,NYSE,Asia
694,9,LINK,Crypto,2024-11-16,BUY,30.303,56216.05,1703514.96,NYSE,Asia
695,19,XRP,Crypto,2023-01-07,SELL,4.475,40176.68,179790.64,Kraken,USA
696,16,MSFT,Stock,2022-12-29,SELL,13.791,1686.61,23260.04,Coinbase,Asia
697,6,MSFT,Stock,2024-01-31,SELL,45.567,1461.97,66617.59,NASDAQ,Asia
698,12,USDC,Crypto,2022-03-03,BUY,27.388,25291.91,692694.83,NYSE,Asia
699,14,GOOGL,Stock,2021-10-20,BUY,16.594,513.03,8513.22,NASDAQ,Asia
700,5,GOOGL,Stock,2022-07-16,SELL,33.836,822.09,27816.24,NYSE,Asia
701,13,XRP,Crypto,2021-11-15,BUY,44.818,2367.09,106088.24,Binance,USA
702,9,LINK,Crypto,2022-09-19,BUY,44.596,12323.24,549567.21,NYSE,Asia
703,7,LINK,Crypto,2022-09-28,SELL,35.4,4450.54,157549.12,Binance,USA
704,15,GOOGL,Stock,2022-11-27,SELL,28.907,37.3,1078.23,Binance,Asia
705,8,LTC,Crypto,2023-12-13,SELL,2.703,59575.28,161031.98,NASDAQ,USA
706,10,AMZN,Stock,2023-07-09,BUY,18.155,1293.13,23476.78,Kraken,Asia
707,3,MSFT,Stock,2024-01-04,SELL,26.783,905.23,24244.78,Kraken,Asia
708,15,LTC,Crypto,2023-09-30,SELL,28.826,2358.43,67984.1,Coinbase,Asia
709,4,AAPL,Stock,2020-07-28,BUY,27.501,1979.22,54430.53,NASDAQ,Asia
710,6,MSFT,Stock,2021-12-08,SELL,22.611,568.71,12859.1,Binance,Asia
711,20,ETH,Crypto,2022-03-05,SELL,5.23,758.66,3967.79,NYSE,Asia
712,12,USDC,Crypto,2021-12-27,BUY,0.709,54286.2,38488.92,Kraken,Asia
713,5,USDC,Crypto,2020-12-23,SELL,6.418,45607.28,292707.52,Kraken,Asia
714,18,USDC,Crypto,2023-12-10,BUY,18.856,27529.02,519087.2,Coinbase,Asia
715,2,BNB,Crypto,2020-02-28,BUY,31.189,11679.23,364263.5,NASDAQ,Asia
716,1,SOL,Crypto,2020-05-10,BUY,40.511,2237.09,90626.75,Binance,Asia
717,11,LINK,Crypto,2020-05-20,BUY,14.57,21936.89,319620.49,NYSE,Asia
718,2,SOL,Crypto,2022-05-26,BUY,9.364,17242.81,161461.67,Kraken,Asia
719,14,GOOGL,Stock,2023-06-01,SELL,44.051,30.56,1346.2,Coinbase,Asia
720,8,GOOGL,Stock,2020-10-08,SELL,44.971,172.56,7760.2,NYSE,USA
721,9,BTC,Crypto,2022-10-17,SELL,24.872,32162.78,799952.66,NYSE,Asia
722,7,LINK,Crypto,2020-05-22,BUY,15.015,22591.23,339207.32,Kraken,USA
723,10,USDC,Crypto,2022-10-07,BUY,7.263,15624.92,113483.79,NASDAQ,Asia
724,14,GOOGL,Stock,2020-12-30,SELL,43.623,1995.2,87036.61,NASDAQ,Asia
725,9,AMZN,Stock,2022-03-29,BUY,31.589,293.22,9262.53,Kraken,Asia
726,11,SOL,Crypto,2023-01-29,SELL,9.499,25064.26,238085.41,Binance,Asia
727,18,TSLA,Stock,2023-02-20,SELL,13.088,1782.38,23327.79,Binance,Asia
728,19,LINK,Crypto,2022-12-06,SELL,40.046,27503.17,1101391.95,NYSE,USA
729,7,BNB,Crypto,2020-12-18,BUY,14.852,35950.62,533938.61,Binance,USA
730,3,AAPL,Stock,2021-11-13,BUY,37.082,315.91,11714.57,NASDAQ,Asia
731,15,AAPL,Stock,2020-10-10,SELL,29.232,1116.25,32630.22,NASDAQ,Asia
732,5,BNB,Crypto,2021-03-25,BUY,3.574,12962.15,46326.72,NYSE,Asia
733,10,XRP,Crypto,2020-03-20,SELL,4.991,10562.87,52719.28,Binance,Asia
734,17,AMZN,Stock,2020-08-15,SELL,3.72,1512.99,5628.32,NASDAQ,Asia
735,19,TSLA,Stock,2023-09-16,SELL,48.86,290.86,14211.42,Kraken,USA
736,12,GOOGL,Stock,2024-05-20,BUY,21.251,1083.19,23018.87,Binance,Asia
737,9,AAPL,Stock,2020-11-23,BUY,28.395,240.31,6823.6,Binance,Asia
738,2,XRP,Crypto,2022-05-26,SELL,3.786,43056.84,163013.2,NYSE,Asia
739,5,MSFT,Stock,2021-07-27,BUY,39.939,551.11,22010.78,Binance,Asia
740,18,LINK,Crypto,2022-04-27,SELL,39.411,9443.74,372187.24,Binance,Asia
741,14,MSFT,Stock,2023-01-22,SELL,19.728,367.6,7252.01,Kraken,Asia
742,19,XRP,Crypto,2021-09-05,BUY,3.983,6323.65,25187.1,NASDAQ,USA
743,2,BTC,Crypto,2021-10-06,SELL,37.009,15061.79,557421.79,NYSE,Asia
744,17,TRX,Crypto,2022-07-01,BUY,23.021,7800.4,179573.01,Kraken,Asia
745,10,BTC,Crypto,2022-01-03,SELL,29.201,42313.52,1235597.1,Kraken,Asia
746,15,LTC,Crypto,2022-09-17,BUY,38.146,2027.74,77350.17,NYSE,Asia
747,19,ETH,Crypto,2023-06-13,SELL,16.148,36867.45,595335.58,NASDAQ,USA
748,10,LINK,Crypto,2020-10-29,BUY,29.726,56187.74,1670236.76,NYSE,Asia
749,20,USDC,Crypto,2024-06-05,SELL,30.811,41504.59,1278797.92,Coinbase,Asia
750,12,TSLA,Stock,2023-04-29,SELL,16.296,417.82,6808.79,NYSE,Asia
751,19,TSLA,Stock,2023-02-09,BUY,0.776,1455.24,1129.27,Binance,USA
752,12,GOOGL,Stock,2020-05-14,SELL,3.299,1609.37,5309.31,Kraken,Asia
753,4,AAPL,Stock,2024-08-20,SELL,42.447,780.31,33121.82,Kraken,Asia
754,1,XRP,Crypto,2023-01-08,SELL,11.404,2873.33,32767.46,Binance,Asia
755,12,LINK,Crypto,2024-04-19,BUY,21.689,23701.85,514069.42,NYSE,Asia
756,1,LINK,Crypto,2021-09-20,SELL,23.37,2941,68731.17,Coinbase,Asia
757,12,MSFT,Stock,2020-12-21,BUY,38.386,134.95,5180.19,Binance,Asia
758,9,SOL,Crypto,2023-04-22,BUY,35.917,42924.51,1541719.63,NYSE,Asia
759,18,SOL,Crypto,2021-04-11,BUY,24.292,26602.29,646222.83,NASDAQ,Asia
760,3,BTC,Crypto,2021-10-02,BUY,47.901,45188.48,2164573.38,Coinbase,Asia
761,5,GOOGL,Stock,2023-02-12,SELL,8.863,748.14,6630.76,Coinbase,Asia
762,13,ETH,Crypto,2021-03-12,SELL,1.086,12124.26,13166.95,NYSE,USA
763,18,SOL,Crypto,2023-06-26,BUY,3.17,47079.1,149240.75,Binance,Asia
764,10,USDC,Crypto,2021-04-04,SELL,32.086,23126.78,742045.86,Kraken,Asia
765,5,AAPL,Stock,2022-07-15,SELL,1.762,1462.76,2577.38,Kraken,Asia
766,5,USDC,Crypto,2023-07-19,SELL,42.765,4064.46,173816.63,NASDAQ,Asia
767,19,USDC,Crypto,2024-09-29,SELL,17.437,11634.7,202874.26,NYSE,USA
768,16,USDC,Crypto,2023-04-23,BUY,46.237,55335.38,2558541.97,Coinbase,Asia
769,8,XRP,Crypto,2020-11-24,SELL,34.554,3374.42,116599.71,Binance,USA
770,11,LINK,Crypto,2022-02-15,SELL,48.598,54372.42,2642390.87,NYSE,Asia
771,11,MSFT,Stock,2024-02-25,BUY,18.983,1229.67,23342.83,Kraken,Asia
772,14,LINK,Crypto,2022-12-02,BUY,20.646,52289.39,1079566.75,Coinbase,Asia
773,15,USDC,Crypto,2021-01-03,BUY,8.891,31225.44,277625.39,NASDAQ,Asia
774,2,TRX,Crypto,2020-02-24,SELL,7.753,28737.2,222799.51,Binance,Asia
775,12,USDC,Crypto,2023-11-11,BUY,13.932,40589.86,565497.93,NASDAQ,Asia
776,12,DOGE,Crypto,2020-03-20,BUY,31.084,57333.72,1782161.35,Kraken,Asia
777,12,LTC,Crypto,2022-04-25,SELL,7.454,24929.05,185821.14,NYSE,Asia
778,3,USDC,Crypto,2023-08-12,BUY,26.406,45905.12,1212170.6,NASDAQ,Asia
779,14,MSFT,Stock,2024-06-17,SELL,29.142,1415.95,41263.61,Kraken,Asia
780,5,BNB,Crypto,2023-04-05,SELL,41.521,39332.7,1633133.04,NYSE,Asia
781,14,BTC,Crypto,2023-10-22,SELL,15.815,2215.95,35045.25,Kraken,Asia
782,11,SOL,Crypto,2020-06-25,BUY,38.569,31387.28,1210576,NYSE,Asia
783,20,GOOGL,Stock,2021-07-29,SELL,28.378,457.53,12983.79,Coinbase,Asia
784,6,AMZN,Stock,2020-08-16,SELL,38.895,40.91,1591.19,Coinbase,Asia
785,15,LTC,Crypto,2023-05-26,SELL,1.271,45152.26,57388.52,NASDAQ,Asia
786,14,BNB,Crypto,2020-06-28,SELL,3.759,4379.19,16461.38,Binance,Asia
787,17,AMZN,Stock,2024-10-05,BUY,49.952,946.54,47281.57,Kraken,Asia
788,13,AMZN,Stock,2022-03-04,SELL,13.068,279.48,3652.24,Kraken,USA
789,18,SOL,Crypto,2023-07-04,SELL,32.576,7592.13,247321.23,NASDAQ,Asia
790,8,LINK,Crypto,2022-02-09,BUY,9.234,18339.61,169347.96,NYSE,USA
791,5,AMZN,Stock,2024-05-22,BUY,44.65,1967.19,87835.03,Kraken,Asia
792,3,BTC,Crypto,2022-02-22,SELL,49.055,50802.64,2492123.51,NYSE,Asia
793,7,XRP,Crypto,2023-02-20,SELL,38.588,49199.43,1898507.6,NYSE,USA
794,1,BNB,Crypto,2022-01-20,SELL,24.78,50528.36,1252092.76,Coinbase,Asia
795,20,SOL,Crypto,2023-10-22,BUY,41.189,42705.24,1758986.13,Kraken,Asia
796,16,LTC,Crypto,2023-01-22,BUY,19.304,26044.53,502763.61,Coinbase,Asia
797,12,BTC,Crypto,2024-05-15,SELL,15.21,38611.84,587286.09,Kraken,Asia
798,3,XRP,Crypto,2020-07-03,BUY,28.163,51113.95,1439522.17,NASDAQ,Asia
799,1,BTC,Crypto,2023-04-26,SELL,9.519,38170.4,363344.04,Coinbase,Asia
800,19,TSLA,Stock,2022-10-07,SELL,15.827,1627.57,25759.55,Kraken,USA
801,8,DOGE,Crypto,2023-09-13,SELL,25.763,25354.55,653209.27,Coinbase,USA
802,13,TSLA,Stock,2022-05-18,BUY,32.81,1763.63,57864.7,NASDAQ,USA
803,16,TSLA,Stock,2022-07-21,BUY,13.211,726.84,9602.28,NASDAQ,Asia
804,17,TSLA,Stock,2020-10-16,BUY,42.976,1567.32,67357.14,Binance,Asia
805,8,GOOGL,Stock,2024-05-28,SELL,8.748,1129.88,9884.19,Kraken,USA
806,6,ETH,Crypto,2022-06-07,BUY,22.111,39696.17,877722.01,Coinbase,Asia
807,8,AMZN,Stock,2022-06-16,BUY,31.306,933.22,29215.39,NASDAQ,USA
808,5,BNB,Crypto,2022-08-21,SELL,19.056,7921.54,150952.87,Coinbase,Asia
809,11,BTC,Crypto,2023-06-04,SELL,34.38,41353.58,1421736.08,Binance,Asia
810,5,ETH,Crypto,2022-12-27,BUY,32.553,59602.57,1940242.46,Coinbase,Asia
811,19,AAPL,Stock,2022-08-05,BUY,48.75,268,13065,Coinbase,USA
812,15,LTC,Crypto,2022-03-16,SELL,40.34,30174.74,1217249.01,Kraken,Asia
813,13,USDC,Crypto,2023-02-10,SELL,24.446,47610.66,1163890.19,Kraken,USA
814,6,TRX,Crypto,2021-09-03,BUY,37.844,5562.57,210509.9,Kraken,Asia
815,4,TSLA,Stock,2023-04-30,SELL,48.147,1480.03,71259,Kraken,Asia
816,15,TRX,Crypto,2022-09-06,BUY,16.91,21378.62,361512.46,Kraken,Asia
817,19,DOGE,Crypto,2024-05-09,SELL,44.019,39322.98,1730958.26,Kraken,USA
818,10,BNB,Crypto,2021-08-27,BUY,28.869,32268.98,931573.18,Binance,Asia
819,15,MSFT,Stock,2024-03-02,BUY,32.378,823.96,26678.18,NYSE,Asia
820,6,LINK,Crypto,2024-02-14,SELL,22.648,35621.48,806755.28,Binance,Asia
821,3,MSFT,Stock,2023-12-23,BUY,41.973,688.48,28897.57,Kraken,Asia
822,16,LINK,Crypto,2024-02-29,BUY,33.625,42153.39,1417407.74,Binance,Asia
823,11,ETH,Crypto,2022-04-25,BUY,49.19,41863.13,2059247.36,Binance,Asia
824,4,SOL,Crypto,2020-01-20,BUY,25.644,45884.2,1176654.42,NYSE,Asia
825,16,LTC,Crypto,2021-07-12,SELL,41.937,618.81,25951.03,NYSE,Asia
826,4,MSFT,Stock,2023-12-29,BUY,21.426,1694.72,36311.07,Binance,Asia
827,10,LINK,Crypto,2023-07-12,BUY,19.114,24121.43,461057.01,Binance,Asia
828,13,SOL,Crypto,2020-10-09,SELL,12.906,56224.6,725634.69,NYSE,USA
829,7,TSLA,Stock,2022-05-19,BUY,3.106,1705.65,5297.75,NASDAQ,USA
830,7,BNB,Crypto,2021-07-29,SELL,31.284,12834.6,401517.63,Coinbase,USA
831,17,ETH,Crypto,2020-01-01,BUY,25.248,13602.66,343439.96,Coinbase,Asia
832,8,TSLA,Stock,2021-01-19,SELL,20.809,1932.23,40207.77,NYSE,USA
833,11,TSLA,Stock,2024-09-27,BUY,24.328,1644.34,40003.5,Binance,Asia
834,20,USDC,Crypto,2022-11-30,BUY,19.304,10818.98,208849.59,NASDAQ,Asia
835,20,GOOGL,Stock,2020-01-05,SELL,3.966,886.46,3515.7,NASDAQ,Asia
836,4,BNB,Crypto,2024-05-25,SELL,24.945,49697.52,1239704.64,NASDAQ,Asia
837,20,DOGE,Crypto,2020-04-22,BUY,3.803,21232.35,80746.63,Coinbase,Asia
838,18,BNB,Crypto,2021-08-27,BUY,41.167,12071.35,496941.27,NYSE,Asia
839,5,SOL,Crypto,2021-05-30,BUY,49.329,11652.67,574814.56,Coinbase,Asia
840,11,DOGE,Crypto,2020-04-07,BUY,25.063,11231.8,281502.6,Kraken,Asia
841,8,SOL,Crypto,2022-05-31,BUY,13.67,40839.47,558275.55,Coinbase,USA
842,10,MSFT,Stock,2021-08-16,BUY,23.456,1022.34,23980.01,NYSE,Asia
843,17,AMZN,Stock,2020-11-16,SELL,4.414,1771.57,7819.71,Coinbase,Asia
844,17,GOOGL,Stock,2023-10-11,BUY,4.865,1237.75,6021.65,NYSE,Asia
845,2,LTC,Crypto,2024-09-17,BUY,2.805,47287.92,132642.62,Kraken,Asia
846,7,GOOGL,Stock,2024-11-21,SELL,10.617,1597.85,16964.37,NASDAQ,USA
847,17,LTC,Crypto,2022-10-25,SELL,5.477,14029.24,76838.15,Binance,Asia
848,5,ETH,Crypto,2024-07-20,BUY,47.144,51718.06,2438196.22,NASDAQ,Asia
849,16,MSFT,Stock,2024-03-29,SELL,26.86,1871.51,50268.76,NASDAQ,Asia
850,13,DOGE,Crypto,2022-04-18,SELL,1.482,11449.02,16967.45,Binance,USA
851,4,MSFT,Stock,2024-08-17,BUY,40.935,724.98,29677.06,Binance,Asia
852,11,TRX,Crypto,2021-01-04,SELL,15.325,35551.87,544832.41,Kraken,Asia
853,13,SOL,Crypto,2023-08-28,SELL,48.65,50616.26,2462481.05,Kraken,USA
854,11,MSFT,Stock,2022-12-08,SELL,25.82,218.62,5644.77,Kraken,Asia
855,5,MSFT,Stock,2021-01-07,SELL,47.709,1158.06,55249.88,Coinbase,Asia
856,19,ETH,Crypto,2022-04-11,BUY,31.944,50172.7,1602716.73,Binance,USA
857,13,BNB,Crypto,2024-01-21,SELL,30,45197.27,1355918.1,NASDAQ,USA
858,10,BTC,Crypto,2021-03-17,BUY,43.78,8786.29,384663.78,Kraken,Asia
859,15,TSLA,Stock,2023-10-29,SELL,40.438,1016.63,41110.48,NYSE,Asia
860,9,XRP,Crypto,2022-06-15,SELL,25.527,12483.35,318662.48,Kraken,Asia
861,17,SOL,Crypto,2023-11-21,BUY,4.304,21168.33,91108.49,Coinbase,Asia
862,17,XRP,Crypto,2024-08-06,BUY,21.913,34256.2,750656.11,NYSE,Asia
863,9,DOGE,Crypto,2021-06-03,BUY,6.456,24676.57,159311.94,NASDAQ,Asia
864,12,MSFT,Stock,2024-06-22,BUY,13.301,1820.84,24218.99,Coinbase,Asia
865,11,AAPL,Stock,2022-03-23,BUY,24.885,1485.43,36964.93,Binance,Asia
866,20,BTC,Crypto,2022-09-11,BUY,45.703,24845.46,1135512.06,Coinbase,Asia
867,10,AMZN,Stock,2023-12-24,BUY,34.214,172.57,5904.31,Binance,Asia
868,12,DOGE,Crypto,2021-04-22,SELL,9.915,2341.73,23218.25,NYSE,Asia
869,12,XRP,Crypto,2022-07-20,BUY,14.498,54683.59,792802.69,Binance,Asia
870,1,BNB,Crypto,2023-02-23,SELL,10.597,55349.66,586540.35,Coinbase,Asia
871,3,AAPL,Stock,2023-06-17,SELL,9.116,1393.76,12705.52,Kraken,Asia
872,16,BTC,Crypto,2023-05-30,BUY,31.619,5277.96,166883.82,Binance,Asia
873,13,DOGE,Crypto,2020-01-23,BUY,43.144,48474.46,2091382.1,NYSE,USA
874,9,DOGE,Crypto,2023-09-18,SELL,18.7,7558.08,141336.1,Binance,Asia
875,9,MSFT,Stock,2021-01-24,BUY,4.524,1679.65,7598.74,NYSE,Asia
876,7,BTC,Crypto,2020-10-12,SELL,46.959,30841.26,1448274.73,NASDAQ,USA
877,15,LTC,Crypto,2020-05-21,BUY,37.204,25610.78,952823.46,Coinbase,Asia
878,19,USDC,Crypto,2023-04-21,BUY,11.07,23133.83,256091.5,Binance,USA
879,3,ETH,Crypto,2020-08-29,BUY,34.809,42873.51,1492384.01,NYSE,Asia
880,8,ETH,Crypto,2021-06-24,BUY,49.216,12557.18,618014.17,Coinbase,USA
881,4,SOL,Crypto,2023-08-28,BUY,43.524,38209.7,1663038.98,Coinbase,Asia
882,2,AMZN,Stock,2021-07-02,SELL,5.113,1825.7,9334.8,Binance,Asia
883,5,MSFT,Stock,2020-09-01,SELL,2.541,425.38,1080.89,NASDAQ,Asia
884,9,AMZN,Stock,2023-11-24,SELL,46.814,192.19,8997.18,NASDAQ,Asia
885,5,TRX,Crypto,2022-12-17,SELL,47.441,22625.83,1073392,NYSE,Asia
886,4,AAPL,Stock,2020-10-21,BUY,14.72,1170.47,17229.32,Binance,Asia
887,13,USDC,Crypto,2023-08-08,BUY,29.899,17628.51,527074.82,NYSE,USA
888,9,AAPL,Stock,2024-10-14,BUY,39.236,1455.72,57116.63,Coinbase,Asia
889,7,ETH,Crypto,2024-10-20,BUY,16.818,59114.4,994185.98,NYSE,USA
890,16,MSFT,Stock,2022-12-26,BUY,49.968,1247.39,62329.58,Coinbase,Asia
891,2,TRX,Crypto,2023-04-22,SELL,35.164,44347.69,1559442.17,Binance,Asia
892,19,BTC,Crypto,2023-08-09,BUY,35.036,3582.82,125527.68,Binance,USA
893,1,AAPL,Stock,2020-11-09,SELL,37.457,93.27,3493.61,NYSE,Asia
894,19,MSFT,Stock,2021-11-29,BUY,25.996,1400.96,36419.36,Coinbase,USA
895,1,XRP,Crypto,2023-06-30,BUY,39.773,49020.82,1949705.07,NYSE,Asia
896,18,LTC,Crypto,2020-01-14,BUY,26.4,31367.29,828096.46,NASDAQ,Asia
897,17,LTC,Crypto,2022-07-01,SELL,45.187,39755.07,1796412.35,Coinbase,Asia
898,15,DOGE,Crypto,2023-03-11,SELL,47.545,5070.63,241083.1,Kraken,Asia
899,5,XRP,Crypto,2020-02-17,BUY,37.966,35516.72,1348427.79,Coinbase,Asia
900,12,TSLA,Stock,2023-09-27,SELL,5.104,1790.5,9138.71,NYSE,Asia
901,10,GOOGL,Stock,2023-06-29,SELL,15.092,1032.48,15582.19,Kraken,Asia
902,15,MSFT,Stock,2023-04-13,SELL,34.392,902.79,31048.75,Coinbase,Asia
903,2,XRP,Crypto,2023-09-23,BUY,15.272,29883.9,456386.92,Coinbase,Asia
904,10,TSLA,Stock,2022-09-23,SELL,35.338,1158.36,40934.13,Kraken,Asia
905,16,AMZN,Stock,2021-02-15,SELL,16.261,785.57,12774.15,NASDAQ,Asia
906,18,XRP,Crypto,2023-08-13,SELL,30.445,32418.65,986985.8,NYSE,Asia
907,16,XRP,Crypto,2022-07-28,BUY,1.518,12670.94,19234.49,Binance,Asia
908,10,TRX,Crypto,2021-11-22,SELL,26.026,37840.98,984849.35,Binance,Asia
909,1,XRP,Crypto,2020-03-09,SELL,12.272,28787.41,353279.1,Coinbase,Asia
910,13,BTC,Crypto,2023-04-08,SELL,49.332,49352.82,2434673.32,Binance,USA
911,10,XRP,Crypto,2024-05-07,SELL,2.296,37760.48,86698.06,Binance,Asia
912,12,USDC,Crypto,2021-06-15,SELL,2.126,6709.02,14263.38,Binance,Asia
913,8,AMZN,Stock,2023-11-06,BUY,14.284,1147.35,16388.75,NASDAQ,USA
914,2,XRP,Crypto,2024-05-14,BUY,0.133,48819.37,6492.98,Kraken,Asia
915,20,BNB,Crypto,2024-08-13,BUY,18.005,36345.95,654408.83,Coinbase,Asia
916,1,GOOGL,Stock,2020-04-11,SELL,45.084,414.89,18704.9,Coinbase,Asia
917,18,SOL,Crypto,2024-06-21,BUY,23.235,37482.82,870913.32,NASDAQ,Asia
918,2,DOGE,Crypto,2023-06-23,SELL,11.599,43389.86,503278.99,Binance,Asia
919,5,ETH,Crypto,2020-09-10,SELL,43.426,40094.51,1741144.19,Kraken,Asia
920,11,MSFT,Stock,2022-07-09,BUY,19.409,543.97,10557.91,Binance,Asia
921,14,DOGE,Crypto,2020-05-04,SELL,18.347,16865.5,309431.33,Binance,Asia
922,16,AMZN,Stock,2024-05-22,SELL,28.858,1793.82,51766.06,NYSE,Asia
923,15,MSFT,Stock,2022-12-15,BUY,10.536,99.08,1043.91,Coinbase,Asia
924,8,BNB,Crypto,2022-03-30,BUY,37.525,22532.08,845516.3,Kraken,USA
925,6,MSFT,Stock,2023-05-01,SELL,8.179,305.15,2495.82,NYSE,Asia
926,10,USDC,Crypto,2021-04-25,SELL,6.205,37453.71,232400.27,Kraken,Asia
927,19,DOGE,Crypto,2024-03-07,SELL,4.704,24109.83,113412.64,NASDAQ,USA
928,19,SOL,Crypto,2024-07-03,SELL,7.08,42263.07,299222.54,Binance,USA
929,14,USDC,Crypto,2021-08-06,BUY,12.414,360.26,4472.27,Coinbase,Asia
930,9,LINK,Crypto,2020-10-20,SELL,32.834,39114.02,1284269.73,Kraken,Asia
931,17,LINK,Crypto,2023-12-08,SELL,8.939,37757.87,337517.6,Kraken,Asia
932,17,TSLA,Stock,2024-09-26,BUY,39.974,1879.59,75134.73,Coinbase,Asia
933,14,BTC,Crypto,2020-02-18,BUY,10.118,51800.22,524114.63,Binance,Asia
934,5,SOL,Crypto,2022-05-19,SELL,6.005,49514.27,297333.19,Kraken,Asia
935,4,MSFT,Stock,2022-06-26,BUY,18.88,752.41,14205.5,NYSE,Asia
936,1,TSLA,Stock,2020-01-16,SELL,47.903,1737.51,83231.94,Coinbase,Asia
937,13,LINK,Crypto,2022-04-12,SELL,42.216,10764.85,454448.91,Kraken,USA
938,18,TRX,Crypto,2024-03-16,BUY,10.704,45168.6,483484.69,Kraken,Asia
939,17,TSLA,Stock,2023-05-26,SELL,26.318,1272.32,33484.92,NASDAQ,Asia
940,7,GOOGL,Stock,2023-04-10,SELL,45.165,1971.24,89031.05,Binance,USA
941,13,LINK,Crypto,2022-08-14,BUY,43.472,31867.13,1385327.88,NYSE,USA
942,17,TRX,Crypto,2023-07-26,BUY,5.748,16618.21,95521.47,NYSE,Asia
943,11,DOGE,Crypto,2022-11-15,BUY,34.647,948.78,32872.38,Binance,Asia
944,1,GOOGL,Stock,2023-09-20,BUY,20.107,1776.53,35720.69,Coinbase,Asia
945,8,SOL,Crypto,2020-01-29,SELL,6.736,21832.43,147063.25,Kraken,USA
946,11,USDC,Crypto,2022-10-22,SELL,31.324,10247.02,320977.65,Binance,Asia
947,6,LTC,Crypto,2022-08-25,SELL,5.519,139.98,772.55,NASDAQ,Asia
948,10,DOGE,Crypto,2023-03-17,BUY,0.83,29074.84,24132.12,NYSE,Asia
949,20,USDC,Crypto,2020-04-03,BUY,26.744,49408.69,1321386.01,NASDAQ,Asia
950,7,LTC,Crypto,2023-09-19,BUY,5.313,53883.78,286284.52,NYSE,USA
951,13,XRP,Crypto,2022-08-08,SELL,39.838,32437.48,1292244.33,Binance,USA
952,11,LINK,Crypto,2022-09-26,BUY,41.506,32210.54,1336930.67,Binance,Asia
953,2,DOGE,Crypto,2022-06-30,SELL,45.989,31705.1,1458085.84,NYSE,Asia
954,10,AAPL,Stock,2022-09-25,BUY,48.301,778.72,37612.95,Coinbase,Asia
955,14,BNB,Crypto,2020-03-03,SELL,17.5,11189.5,195816.25,Coinbase,Asia
956,2,TRX,Crypto,2021-05-10,BUY,1.935,53366.87,103264.89,Coinbase,Asia
957,17,LINK,Crypto,2020-08-06,BUY,22.779,41584.69,947257.65,Coinbase,Asia
958,4,USDC,Crypto,2023-08-10,SELL,5.122,6290.08,32217.79,Kraken,Asia
959,18,TSLA,Stock,2022-02-23,SELL,22.664,1818.35,41211.08,Coinbase,Asia
960,2,TSLA,Stock,2022-04-24,SELL,26.058,1706.05,44456.25,NYSE,Asia
961,13,ETH,Crypto,2020-06-19,SELL,47.503,6565.15,311864.32,NASDAQ,USA
962,3,AMZN,Stock,2024-08-18,BUY,43.012,107.46,4622.07,Binance,Asia
963,17,DOGE,Crypto,2020-12-21,BUY,37.01,18331.95,678465.47,Binance,Asia
964,1,TRX,Crypto,2024-07-26,BUY,21.48,24518.63,526660.17,Kraken,Asia
965,5,SOL,Crypto,2021-01-26,SELL,33.412,27307.16,912386.83,Kraken,Asia
966,8,LTC,Crypto,2022-06-16,SELL,45.788,7291.75,333874.65,Coinbase,USA
967,13,XRP,Crypto,2024-07-18,BUY,49.01,46067.91,2257788.27,NYSE,USA
968,20,MSFT,Stock,2023-01-09,BUY,37.829,1328.51,50256.2,Kraken,Asia
969,8,BTC,Crypto,2023-01-24,SELL,47.601,13983.47,665627.16,Kraken,USA
970,8,SOL,Crypto,2020-10-25,BUY,15.018,30042.06,451171.66,Binance,USA
971,3,BNB,Crypto,2020-12-16,BUY,1.652,47479.1,78435.47,NYSE,Asia
972,17,XRP,Crypto,2024-10-30,BUY,9.08,5552.47,50416.43,Binance,Asia
973,5,XRP,Crypto,2023-07-05,BUY,26.408,28237.05,745684.02,NYSE,Asia
974,11,BNB,Crypto,2021-07-19,BUY,17.352,8206.85,142405.26,Binance,Asia
975,6,GOOGL,Stock,2024-05-29,BUY,47.779,1101.2,52614.23,NASDAQ,Asia
976,9,BTC,Crypto,2021-01-06,SELL,40.504,11909.72,482391.3,Binance,Asia
977,16,ETH,Crypto,2021-07-25,SELL,42.118,25974.41,1093990.2,Binance,Asia
978,17,LTC,Crypto,2020-01-13,BUY,31.5,14830.33,467155.4,NASDAQ,Asia
979,6,LTC,Crypto,2024-02-21,BUY,17.526,21991.5,385423.03,NASDAQ,Asia
980,1,USDC,Crypto,2021-02-27,SELL,49.412,44004.99,2174374.57,NYSE,Asia
981,2,XRP,Crypto,2023-06-02,SELL,2.348,31157.62,73158.09,Coinbase,Asia
982,7,DOGE,Crypto,2024-05-20,SELL,40.185,56710.53,2278912.65,NYSE,USA
983,5,AAPL,Stock,2021-06-28,SELL,22.977,1351.73,31058.7,NYSE,Asia
984,4,BTC,Crypto,2024-07-06,BUY,47.724,13191.21,629537.31,Binance,Asia
985,13,LTC,Crypto,2024-03-30,BUY,20.497,55657.04,1140802.35,NASDAQ,USA
986,3,GOOGL,Stock,2024-05-22,SELL,48.102,1745.12,83943.76,NASDAQ,Asia
987,18,DOGE,Crypto,2024-09-28,BUY,2.447,39170.77,95850.87,NASDAQ,Asia
988,8,GOOGL,Stock,2021-05-05,BUY,39.595,1697.04,67194.3,Kraken,USA
989,15,GOOGL,Stock,2022-10-06,SELL,15.741,727.02,11444.02,NYSE,Asia
990,7,SOL,Crypto,2021-10-18,SELL,27.055,17519.14,473980.33,NASDAQ,USA
991,8,LINK,Crypto,2022-06-23,SELL,6.606,18038.23,119160.55,NASDAQ,USA
992,18,LINK,Crypto,2023-06-15,BUY,4.228,19595.91,82851.51,NYSE,Asia
993,14,TRX,Crypto,2021-10-19,SELL,22.041,24435.07,538573.38,Kraken,Asia
994,5,AAPL,Stock,2024-10-30,SELL,39.055,161.33,6300.74,Binance,Asia
995,12,BNB,Crypto,2020-05-05,SELL,31.945,51371.21,1641053.3,Kraken,Asia
996,19,USDC,Crypto,2021-01-19,BUY,47.132,30493.18,1437204.56,Binance,USA
997,6,GOOGL,Stock,2024-06-13,SELL,46.175,1395.85,64453.37,NYSE,Asia
998,16,TRX,Crypto,2021-06-03,BUY,14.946,17190.97,256936.24,Binance,Asia
999,20,SOL,Crypto,2022-11-05,SELL,22.19,26836.77,595507.93,Coinbase,Asia
1000,20,SOL,Crypto,2021-01-10,BUY,12.229,41532.65,507902.78,NASDAQ,Asia
